HERMES_BACKEND_READY port=34505
  Hermes backend listening on 127.0.0.1:34505
{"jsonrpc": "2.0", "method": "event", "params": {"type": "sessions.changed", "session_id": "", "payload": {}}}
{"jsonrpc": "2.0", "method": "event", "params": {"type": "sessions.changed", "session_id": "", "payload": {}}}
{"jsonrpc": "2.0", "method": "event", "params": {"type": "session.reclaimed", "session_id": "", "payload": {"session_id": "54d5f69b", "stored_session_id": "20260809_021418_6b5ad3", "reason": "ws_orphan_reap"}}}
{"jsonrpc": "2.0", "method": "event", "params": {"type": "session.reclaimed", "session_id": "", "payload": {"session_id": "bf72afc7", "stored_session_id": "20260809_182618_ab9b3ed2", "reason": "ws_orphan_reap"}}}
{"jsonrpc": "2.0", "method": "event", "params": {"type": "session.reclaimed", "session_id": "", "payload": {"session_id": "b8b6a86e", "stored_session_id": "20260809_015255_076ac3", "reason": "ws_orphan_reap"}}}
{"jsonrpc": "2.0", "method": "event", "params": {"type": "sessions.changed", "session_id": "", "payload": {}}}
{"jsonrpc": "2.0", "method": "event", "params": {"type": "sessions.changed", "session_id": "", "payload": {}}}
{"jsonrpc": "2.0", "method": "event", "params": {"type": "sessions.changed", "session_id": "", "payload": {}}}
🔄 Switched to fallback model: deepseek-v4-flash-free via opencode-zen → openrouter/free via openrouter

✨ cua-driver v0.19.2 is available (you have v0.19.0).
   Update with: cua-driver update
   Release notes: https://github.com/trycua/cua/releases/tag/cua-driver-rs-v0.19.2

🔄 Switched to fallback model: deepseek-v4-flash-free via opencode-zen → openrouter/free via openrouter
⚡ Interrupted during API call.
{"jsonrpc": "2.0", "method": "event", "params": {"type": "session.reclaimed", "session_id": "", "payload": {"session_id": "7990cef0", "stored_session_id": "20260809_015255_076ac3", "reason": "ws_orphan_reap"}}}
{"jsonrpc": "2.0", "method": "event", "params": {"type": "sessions.changed", "session_id": "", "payload": {}}}
{"jsonrpc": "2.0", "method": "event", "params": {"type": "sessions.changed", "session_id": "", "payload": {}}}
{"jsonrpc": "2.0", "method": "event", "params": {"type": "sessions.changed", "session_id": "", "payload": {}}}
{"jsonrpc": "2.0", "method": "event", "params": {"type": "sessions.changed", "session_id": "", "payload": {}}}
{"jsonrpc": "2.0", "method": "event", "params": {"type": "platforms.changed", "session_id": "", "payload": {}}}
{"jsonrpc": "2.0", "method": "event", "params": {"type": "sessions.changed", "session_id": "", "payload": {}}}
{"jsonrpc": "2.0", "method": "event", "params": {"type": "sessions.changed", "session_id": "", "payload": {}}}
{"jsonrpc": "2.0", "method": "event", "params": {"type": "sessions.changed", "session_id": "", "payload": {}}}
{"jsonrpc": "2.0", "method": "event", "params": {"type": "platforms.changed", "session_id": "", "payload": {}}}
{"jsonrpc": "2.0", "method": "event", "params": {"type": "sessions.changed", "session_id": "", "payload": {}}}
{"jsonrpc": "2.0", "method": "event", "params": {"type": "sessions.changed", "session_id": "", "payload": {}}}
{"jsonrpc": "2.0", "method": "event", "params": {"type": "cron.changed", "session_id": "", "payload": {}}}
{"jsonrpc": "2.0", "method": "event", "params": {"type": "sessions.changed", "session_id": "", "payload": {}}}
{"jsonrpc": "2.0", "method": "event", "params": {"type": "sessions.changed", "session_id": "", "payload": {}}}
{"jsonrpc": "2.0", "method": "event", "params": {"type": "cron.changed", "session_id": "", "payload": {}}}
{"jsonrpc": "2.0", "method": "event", "params": {"type": "sessions.changed", "session_id": "", "payload": {}}}
{"jsonrpc": "2.0", "method": "event", "params": {"type": "sessions.changed", "session_id": "", "payload": {}}}
{"jsonrpc": "2.0", "method": "event", "params": {"type": "sessions.changed", "session_id": "", "payload": {}}}
{"jsonrpc": "2.0", "method": "event", "params": {"type": "sessions.changed", "session_id": "", "payload": {}}}
{"jsonrpc": "2.0", "method": "event", "params": {"type": "cron.changed", "session_id": "", "payload": {}}}
{"jsonrpc": "2.0", "method": "event", "params": {"type": "sessions.changed", "session_id": "", "payload": {}}}
{"jsonrpc": "2.0", "method": "event", "params": {"type": "sessions.changed", "session_id": "", "payload": {}}}
{"jsonrpc": "2.0", "method": "event", "params": {"type": "cron.changed", "session_id": "", "payload": {}}}
{"jsonrpc": "2.0", "method": "event", "params": {"type": "sessions.changed", "session_id": "", "payload": {}}}
{"jsonrpc": "2.0", "method": "event", "params": {"type": "sessions.changed", "session_id": "", "payload": {}}}
{"jsonrpc": "2.0", "method": "event", "params": {"type": "cron.changed", "session_id": "", "payload": {}}}
{"jsonrpc": "2.0", "method": "event", "params": {"type": "cron.changed", "session_id": "", "payload": {}}}
{"jsonrpc": "2.0", "method": "event", "params": {"type": "sessions.changed", "session_id": "", "payload": {}}}
{"jsonrpc": "2.0", "method": "event", "params": {"type": "sessions.changed", "session_id": "", "payload": {}}}
{"jsonrpc": "2.0", "method": "event", "params": {"type": "cron.changed", "session_id": "", "payload": {}}}
{"jsonrpc": "2.0", "method": "event", "params": {"type": "sessions.changed", "session_id": "", "payload": {}}}
{"jsonrpc": "2.0", "method": "event", "params": {"type": "sessions.changed", "session_id": "", "payload": {}}}
{"jsonrpc": "2.0", "method": "event", "params": {"type": "cron.changed", "session_id": "", "payload": {}}}
{"jsonrpc": "2.0", "method": "event", "params": {"type": "cron.changed", "session_id": "", "payload": {}}}
{"jsonrpc": "2.0", "method": "event", "params": {"type": "sessions.changed", "session_id": "", "payload": {}}}
{"jsonrpc": "2.0", "method": "event", "params": {"type": "sessions.changed", "session_id": "", "payload": {}}}
{"jsonrpc": "2.0", "method": "event", "params": {"type": "cron.changed", "session_id": "", "payload": {}}}
{"jsonrpc": "2.0", "method": "event", "params": {"type": "sessions.changed", "session_id": "", "payload": {}}}
{"jsonrpc": "2.0", "method": "event", "params": {"type": "sessions.changed", "session_id": "", "payload": {}}}
{"jsonrpc": "2.0", "method": "event", "params": {"type": "cron.changed", "session_id": "", "payload": {}}}
{"jsonrpc": "2.0", "method": "event", "params": {"type": "sessions.changed", "session_id": "", "payload": {}}}
{"jsonrpc": "2.0", "method": "event", "params": {"type": "sessions.changed", "session_id": "", "payload": {}}}
{"jsonrpc": "2.0", "method": "event", "params": {"type": "cron.changed", "session_id": "", "payload": {}}}
{"jsonrpc": "2.0", "method": "event", "params": {"type": "sessions.changed", "session_id": "", "payload": {}}}
{"jsonrpc": "2.0", "method": "event", "params": {"type": "sessions.changed", "session_id": "", "payload": {}}}
{"jsonrpc": "2.0", "method": "event", "params": {"type": "cron.changed", "session_id": "", "payload": {}}}
{"jsonrpc": "2.0", "method": "event", "params": {"type": "sessions.changed", "session_id": "", "payload": {}}}
{"jsonrpc": "2.0", "method": "event", "params": {"type": "sessions.changed", "session_id": "", "payload": {}}}
{"jsonrpc": "2.0", "method": "event", "params": {"type": "cron.changed", "session_id": "", "payload": {}}}
{"jsonrpc": "2.0", "method": "event", "params": {"type": "cron.changed", "session_id": "", "payload": {}}}
{"jsonrpc": "2.0", "method": "event", "params": {"type": "sessions.changed", "session_id": "", "payload": {}}}
{"jsonrpc": "2.0", "method": "event", "params": {"type": "sessions.changed", "session_id": "", "payload": {}}}
{"jsonrpc": "2.0", "method": "event", "params": {"type": "sessions.changed", "session_id": "", "payload": {}}}
{"jsonrpc": "2.0", "method": "event", "params": {"type": "cron.changed", "session_id": "", "payload": {}}}
{"jsonrpc": "2.0", "method": "event", "params": {"type": "sessions.changed", "session_id": "", "payload": {}}}
{"jsonrpc": "2.0", "method": "event", "params": {"type": "sessions.changed", "session_id": "", "payload": {}}}
{"jsonrpc": "2.0", "method": "event", "params": {"type": "cron.changed", "session_id": "", "payload": {}}}
{"jsonrpc": "2.0", "method": "event", "params": {"type": "sessions.changed", "session_id": "", "payload": {}}}
{"jsonrpc": "2.0", "method": "event", "params": {"type": "sessions.changed", "session_id": "", "payload": {}}}
{"jsonrpc": "2.0", "method": "event", "params": {"type": "sessions.changed", "session_id": "", "payload": {}}}
{"jsonrpc": "2.0", "method": "event", "params": {"type": "sessions.changed", "session_id": "", "payload": {}}}
{"jsonrpc": "2.0", "method": "event", "params": {"type": "cron.changed", "session_id": "", "payload": {}}}
{"jsonrpc": "2.0", "method": "event", "params": {"type": "sessions.changed", "session_id": "", "payload": {}}}
{"jsonrpc": "2.0", "method": "event", "params": {"type": "sessions.changed", "session_id": "", "payload": {}}}
{"jsonrpc": "2.0", "method": "event", "params": {"type": "cron.changed", "session_id": "", "payload": {}}}
{"jsonrpc": "2.0", "method": "event", "params": {"type": "sessions.changed", "session_id": "", "payload": {}}}
{"jsonrpc": "2.0", "method": "event", "params": {"type": "sessions.changed", "session_id": "", "payload": {}}}
{"jsonrpc": "2.0", "method": "event", "params": {"type": "cron.changed", "session_id": "", "payload": {}}}
{"jsonrpc": "2.0", "method": "event", "params": {"type": "sessions.changed", "session_id": "", "payload": {}}}
{"jsonrpc": "2.0", "method": "event", "params": {"type": "sessions.changed", "session_id": "", "payload": {}}}
{"jsonrpc": "2.0", "method": "event", "params": {"type": "cron.changed", "session_id": "", "payload": {}}}
{"jsonrpc": "2.0", "method": "event", "params": {"type": "sessions.changed", "session_id": "", "payload": {}}}
{"jsonrpc": "2.0", "method": "event", "params": {"type": "sessions.changed", "session_id": "", "payload": {}}}
{"jsonrpc": "2.0", "method": "event", "params": {"type": "cron.changed", "session_id": "", "payload": {}}}
{"jsonrpc": "2.0", "method": "event", "params": {"type": "cron.changed", "session_id": "", "payload": {}}}
{"jsonrpc": "2.0", "method": "event", "params": {"type": "sessions.changed", "session_id": "", "payload": {}}}
{"jsonrpc": "2.0", "method": "event", "params": {"type": "sessions.changed", "session_id": "", "payload": {}}}
{"jsonrpc": "2.0", "method": "event", "params": {"type": "cron.changed", "session_id": "", "payload": {}}}
{"jsonrpc": "2.0", "method": "event", "params": {"type": "sessions.changed", "session_id": "", "payload": {}}}
{"jsonrpc": "2.0", "method": "event", "params": {"type": "sessions.changed", "session_id": "", "payload": {}}}
{"jsonrpc": "2.0", "method": "event", "params": {"type": "cron.changed", "session_id": "", "payload": {}}}
{"jsonrpc": "2.0", "method": "event", "params": {"type": "cron.changed", "session_id": "", "payload": {}}}
{"jsonrpc": "2.0", "method": "event", "params": {"type": "sessions.changed", "session_id": "", "payload": {}}}
{"jsonrpc": "2.0", "method": "event", "params": {"type": "sessions.changed", "session_id": "", "payload": {}}}
{"jsonrpc": "2.0", "method": "event", "params": {"type": "cron.changed", "session_id": "", "payload": {}}}
{"jsonrpc": "2.0", "method": "event", "params": {"type": "sessions.changed", "session_id": "", "payload": {}}}
{"jsonrpc": "2.0", "method": "event", "params": {"type": "sessions.changed", "session_id": "", "payload": {}}}
{"jsonrpc": "2.0", "method": "event", "params": {"type": "cron.changed", "session_id": "", "payload": {}}}
{"jsonrpc": "2.0", "method": "event", "params": {"type": "sessions.changed", "session_id": "", "payload": {}}}
{"jsonrpc": "2.0", "method": "event", "params": {"type": "sessions.changed", "session_id": "", "payload": {}}}
{"jsonrpc": "2.0", "method": "event", "params": {"type": "cron.changed", "session_id": "", "payload": {}}}
{"jsonrpc": "2.0", "method": "event", "params": {"type": "sessions.changed", "session_id": "", "payload": {}}}
{"jsonrpc": "2.0", "method": "event", "params": {"type": "sessions.changed", "session_id": "", "payload": {}}}
{"jsonrpc": "2.0", "method": "event", "params": {"type": "cron.changed", "session_id": "", "payload": {}}}
{"jsonrpc": "2.0", "method": "event", "params": {"type": "sessions.changed", "session_id": "", "payload": {}}}
{"jsonrpc": "2.0", "method": "event", "params": {"type": "sessions.changed", "session_id": "", "payload": {}}}
{"jsonrpc": "2.0", "method": "event", "params": {"type": "cron.changed", "session_id": "", "payload": {}}}
{"jsonrpc": "2.0", "method": "event", "params": {"type": "sessions.changed", "session_id": "", "payload": {}}}
{"jsonrpc": "2.0", "method": "event", "params": {"type": "sessions.changed", "session_id": "", "payload": {}}}
{"jsonrpc": "2.0", "method": "event", "params": {"type": "sessions.changed", "session_id": "", "payload": {}}}
{"jsonrpc": "2.0", "method": "event", "params": {"type": "sessions.changed", "session_id": "", "payload": {}}}
{"jsonrpc": "2.0", "method": "event", "params": {"type": "cron.changed", "session_id": "", "payload": {}}}
{"jsonrpc": "2.0", "method": "event", "params": {"type": "sessions.changed", "session_id": "", "payload": {}}}
{"jsonrpc": "2.0", "method": "event", "params": {"type": "sessions.changed", "session_id": "", "payload": {}}}
{"jsonrpc": "2.0", "method": "event", "params": {"type": "cron.changed", "session_id": "", "payload": {}}}
{"jsonrpc": "2.0", "method": "event", "params": {"type": "sessions.changed", "session_id": "", "payload": {}}}
{"jsonrpc": "2.0", "method": "event", "params": {"type": "sessions.changed", "session_id": "", "payload": {}}}
{"jsonrpc": "2.0", "method": "event", "params": {"type": "cron.changed", "session_id": "", "payload": {}}}
{"jsonrpc": "2.0", "method": "event", "params": {"type": "sessions.changed", "session_id": "", "payload": {}}}
{"jsonrpc": "2.0", "method": "event", "params": {"type": "sessions.changed", "session_id": "", "payload": {}}}
{"jsonrpc": "2.0", "method": "event", "params": {"type": "cron.changed", "session_id": "", "payload": {}}}
{"jsonrpc": "2.0", "method": "event", "params": {"type": "cron.changed", "session_id": "", "payload": {}}}
{"jsonrpc": "2.0", "method": "event", "params": {"type": "sessions.changed", "session_id": "", "payload": {}}}
{"jsonrpc": "2.0", "method": "event", "params": {"type": "sessions.changed", "session_id": "", "payload": {}}}
{"jsonrpc": "2.0", "method": "event", "params": {"type": "cron.changed", "session_id": "", "payload": {}}}
{"jsonrpc": "2.0", "method": "event", "params": {"type": "sessions.changed", "session_id": "", "payload": {}}}
{"jsonrpc": "2.0", "method": "event", "params": {"type": "sessions.changed", "session_id": "", "payload": {}}}
{"jsonrpc": "2.0", "method": "event", "params": {"type": "cron.changed", "session_id": "", "payload": {}}}
{"jsonrpc": "2.0", "method": "event", "params": {"type": "sessions.changed", "session_id": "", "payload": {}}}
{"jsonrpc": "2.0", "method": "event", "params": {"type": "sessions.changed", "session_id": "", "payload": {}}}
{"jsonrpc": "2.0", "method": "event", "params": {"type": "cron.changed", "session_id": "", "payload": {}}}
{"jsonrpc": "2.0", "method": "event", "params": {"type": "sessions.changed", "session_id": "", "payload": {}}}
{"jsonrpc": "2.0", "method": "event", "params": {"type": "sessions.changed", "session_id": "", "payload": {}}}
{"jsonrpc": "2.0", "method": "event", "params": {"type": "cron.changed", "session_id": "", "payload": {}}}
{"jsonrpc": "2.0", "method": "event", "params": {"type": "sessions.changed", "session_id": "", "payload": {}}}
{"jsonrpc": "2.0", "method": "event", "params": {"type": "sessions.changed", "session_id": "", "payload": {}}}
{"jsonrpc": "2.0", "method": "event", "params": {"type": "cron.changed", "session_id": "", "payload": {}}}
{"jsonrpc": "2.0", "method": "event", "params": {"type": "sessions.changed", "session_id": "", "payload": {}}}
{"jsonrpc": "2.0", "method": "event", "params": {"type": "sessions.changed", "session_id": "", "payload": {}}}
{"jsonrpc": "2.0", "method": "event", "params": {"type": "cron.changed", "session_id": "", "payload": {}}}
{"jsonrpc": "2.0", "method": "event", "params": {"type": "cron.changed", "session_id": "", "payload": {}}}
{"jsonrpc": "2.0", "method": "event", "params": {"type": "sessions.changed", "session_id": "", "payload": {}}}
{"jsonrpc": "2.0", "method": "event", "params": {"type": "sessions.changed", "session_id": "", "payload": {}}}
{"jsonrpc": "2.0", "method": "event", "params": {"type": "cron.changed", "session_id": "", "payload": {}}}
{"jsonrpc": "2.0", "method": "event", "params": {"type": "sessions.changed", "session_id": "", "payload": {}}}
{"jsonrpc": "2.0", "method": "event", "params": {"type": "sessions.changed", "session_id": "", "payload": {}}}
{"jsonrpc": "2.0", "method": "event", "params": {"type": "cron.changed", "session_id": "", "payload": {}}}
{"jsonrpc": "2.0", "method": "event", "params": {"type": "cron.changed", "session_id": "", "payload": {}}}
{"jsonrpc": "2.0", "method": "event", "params": {"type": "sessions.changed", "session_id": "", "payload": {}}}
{"jsonrpc": "2.0", "method": "event", "params": {"type": "sessions.changed", "session_id": "", "payload": {}}}
{"jsonrpc": "2.0", "method": "event", "params": {"type": "sessions.changed", "session_id": "", "payload": {}}}
{"jsonrpc": "2.0", "method": "event", "params": {"type": "sessions.changed", "session_id": "", "payload": {}}}
{"jsonrpc": "2.0", "method": "event", "params": {"type": "cron.changed", "session_id": "", "payload": {}}}
{"jsonrpc": "2.0", "method": "event", "params": {"type": "sessions.changed", "session_id": "", "payload": {}}}
{"jsonrpc": "2.0", "method": "event", "params": {"type": "sessions.changed", "session_id": "", "payload": {}}}
{"jsonrpc": "2.0", "method": "event", "params": {"type": "cron.changed", "session_id": "", "payload": {}}}
{"jsonrpc": "2.0", "method": "event", "params": {"type": "sessions.changed", "session_id": "", "payload": {}}}
{"jsonrpc": "2.0", "method": "event", "params": {"type": "sessions.changed", "session_id": "", "payload": {}}}
{"jsonrpc": "2.0", "method": "event", "params": {"type": "cron.changed", "session_id": "", "payload": {}}}
{"jsonrpc": "2.0", "method": "event", "params": {"type": "sessions.changed", "session_id": "", "payload": {}}}
{"jsonrpc": "2.0", "method": "event", "params": {"type": "sessions.changed", "session_id": "", "payload": {}}}
{"jsonrpc": "2.0", "method": "event", "params": {"type": "cron.changed", "session_id": "", "payload": {}}}
{"jsonrpc": "2.0", "method": "event", "params": {"type": "sessions.changed", "session_id": "", "payload": {}}}
{"jsonrpc": "2.0", "method": "event", "params": {"type": "sessions.changed", "session_id": "", "payload": {}}}
{"jsonrpc": "2.0", "method": "event", "params": {"type": "cron.changed", "session_id": "", "payload": {}}}
{"jsonrpc": "2.0", "method": "event", "params": {"type": "sessions.changed", "session_id": "", "payload": {}}}
{"jsonrpc": "2.0", "method": "event", "params": {"type": "sessions.changed", "session_id": "", "payload": {}}}
{"jsonrpc": "2.0", "method": "event", "params": {"type": "cron.changed", "session_id": "", "payload": {}}}
{"jsonrpc": "2.0", "method": "event", "params": {"type": "cron.changed", "session_id": "", "payload": {}}}
{"jsonrpc": "2.0", "method": "event", "params": {"type": "sessions.changed", "session_id": "", "payload": {}}}
{"jsonrpc": "2.0", "method": "event", "params": {"type": "sessions.changed", "session_id": "", "payload": {}}}
{"jsonrpc": "2.0", "method": "event", "params": {"type": "cron.changed", "session_id": "", "payload": {}}}
{"jsonrpc": "2.0", "method": "event", "params": {"type": "sessions.changed", "session_id": "", "payload": {}}}
{"jsonrpc": "2.0", "method": "event", "params": {"type": "sessions.changed", "session_id": "", "payload": {}}}
{"jsonrpc": "2.0", "method": "event", "params": {"type": "cron.changed", "session_id": "", "payload": {}}}
{"jsonrpc": "2.0", "method": "event", "params": {"type": "sessions.changed", "session_id": "", "payload": {}}}
{"jsonrpc": "2.0", "method": "event", "params": {"type": "sessions.changed", "session_id": "", "payload": {}}}
{"jsonrpc": "2.0", "method": "event", "params": {"type": "cron.changed", "session_id": "", "payload": {}}}
{"jsonrpc": "2.0", "method": "event", "params": {"type": "sessions.changed", "session_id": "", "payload": {}}}
{"jsonrpc": "2.0", "method": "event", "params": {"type": "sessions.changed", "session_id": "", "payload": {}}}
{"jsonrpc": "2.0", "method": "event", "params": {"type": "cron.changed", "session_id": "", "payload": {}}}
{"jsonrpc": "2.0", "method": "event", "params": {"type": "sessions.changed", "session_id": "", "payload": {}}}
{"jsonrpc": "2.0", "method": "event", "params": {"type": "sessions.changed", "session_id": "", "payload": {}}}
{"jsonrpc": "2.0", "method": "event", "params": {"type": "cron.changed", "session_id": "", "payload": {}}}
{"jsonrpc": "2.0", "method": "event", "params": {"type": "sessions.changed", "session_id": "", "payload": {}}}
{"jsonrpc": "2.0", "method": "event", "params": {"type": "sessions.changed", "session_id": "", "payload": {}}}
{"jsonrpc": "2.0", "method": "event", "params": {"type": "cron.changed", "session_id": "", "payload": {}}}
{"jsonrpc": "2.0", "method": "event", "params": {"type": "sessions.changed", "session_id": "", "payload": {}}}
{"jsonrpc": "2.0", "method": "event", "params": {"type": "sessions.changed", "session_id": "", "payload": {}}}
{"jsonrpc": "2.0", "method": "event", "params": {"type": "sessions.changed", "session_id": "", "payload": {}}}
{"jsonrpc": "2.0", "method": "event", "params": {"type": "sessions.changed", "session_id": "", "payload": {}}}
{"jsonrpc": "2.0", "method": "event", "params": {"type": "cron.changed", "session_id": "", "payload": {}}}
{"jsonrpc": "2.0", "method": "event", "params": {"type": "cron.changed", "session_id": "", "payload": {}}}
{"jsonrpc": "2.0", "method": "event", "params": {"type": "sessions.changed", "session_id": "", "payload": {}}}
{"jsonrpc": "2.0", "method": "event", "params": {"type": "sessions.changed", "session_id": "", "payload": {}}}
{"jsonrpc": "2.0", "method": "event", "params": {"type": "cron.changed", "session_id": "", "payload": {}}}
{"jsonrpc": "2.0", "method": "event", "params": {"type": "sessions.changed", "session_id": "", "payload": {}}}
{"jsonrpc": "2.0", "method": "event", "params": {"type": "sessions.changed", "session_id": "", "payload": {}}}
{"jsonrpc": "2.0", "method": "event", "params": {"type": "cron.changed", "session_id": "", "payload": {}}}
{"jsonrpc": "2.0", "method": "event", "params": {"type": "sessions.changed", "session_id": "", "payload": {}}}
{"jsonrpc": "2.0", "method": "event", "params": {"type": "sessions.changed", "session_id": "", "payload": {}}}
{"jsonrpc": "2.0", "method": "event", "params": {"type": "cron.changed", "session_id": "", "payload": {}}}
{"jsonrpc": "2.0", "method": "event", "params": {"type": "sessions.changed", "session_id": "", "payload": {}}}
{"jsonrpc": "2.0", "method": "event", "params": {"type": "sessions.changed", "session_id": "", "payload": {}}}
{"jsonrpc": "2.0", "method": "event", "params": {"type": "cron.changed", "session_id": "", "payload": {}}}
{"jsonrpc": "2.0", "method": "event", "params": {"type": "sessions.changed", "session_id": "", "payload": {}}}
{"jsonrpc": "2.0", "method": "event", "params": {"type": "sessions.changed", "session_id": "", "payload": {}}}
{"jsonrpc": "2.0", "method": "event", "params": {"type": "cron.changed", "session_id": "", "payload": {}}}
{"jsonrpc": "2.0", "method": "event", "params": {"type": "sessions.changed", "session_id": "", "payload": {}}}
{"jsonrpc": "2.0", "method": "event", "params": {"type": "sessions.changed", "session_id": "", "payload": {}}}
{"jsonrpc": "2.0", "method": "event", "params": {"type": "cron.changed", "session_id": "", "payload": {}}}
{"jsonrpc": "2.0", "method": "event", "params": {"type": "sessions.changed", "session_id": "", "payload": {}}}
{"jsonrpc": "2.0", "method": "event", "params": {"type": "sessions.changed", "session_id": "", "payload": {}}}
{"jsonrpc": "2.0", "method": "event", "params": {"type": "cron.changed", "session_id": "", "payload": {}}}
{"jsonrpc": "2.0", "method": "event", "params": {"type": "cron.changed", "session_id": "", "payload": {}}}
{"jsonrpc": "2.0", "method": "event", "params": {"type": "sessions.changed", "session_id": "", "payload": {}}}
{"jsonrpc": "2.0", "method": "event", "params": {"type": "sessions.changed", "session_id": "", "payload": {}}}
{"jsonrpc": "2.0", "method": "event", "params": {"type": "cron.changed", "session_id": "", "payload": {}}}
{"jsonrpc": "2.0", "method": "event", "params": {"type": "sessions.changed", "session_id": "", "payload": {}}}
{"jsonrpc": "2.0", "method": "event", "params": {"type": "sessions.changed", "session_id": "", "payload": {}}}
{"jsonrpc": "2.0", "method": "event", "params": {"type": "cron.changed", "session_id": "", "payload": {}}}
{"jsonrpc": "2.0", "method": "event", "params": {"type": "sessions.changed", "session_id": "", "payload": {}}}
{"jsonrpc": "2.0", "method": "event", "params": {"type": "sessions.changed", "session_id": "", "payload": {}}}
{"jsonrpc": "2.0", "method": "event", "params": {"type": "cron.changed", "session_id": "", "payload": {}}}
{"jsonrpc": "2.0", "method": "event", "params": {"type": "sessions.changed", "session_id": "", "payload": {}}}
{"jsonrpc": "2.0", "method": "event", "params": {"type": "sessions.changed", "session_id": "", "payload": {}}}
{"jsonrpc": "2.0", "method": "event", "params": {"type": "cron.changed", "session_id": "", "payload": {}}}
{"jsonrpc": "2.0", "method": "event", "params": {"type": "sessions.changed", "session_id": "", "payload": {}}}
{"jsonrpc": "2.0", "method": "event", "params": {"type": "sessions.changed", "session_id": "", "payload": {}}}
{"jsonrpc": "2.0", "method": "event", "params": {"type": "sessions.changed", "session_id": "", "payload": {}}}
{"jsonrpc": "2.0", "method": "event", "params": {"type": "sessions.changed", "session_id": "", "payload": {}}}
{"jsonrpc": "2.0", "method": "event", "params": {"type": "cron.changed", "session_id": "", "payload": {}}}
{"jsonrpc": "2.0", "method": "event", "params": {"type": "sessions.changed", "session_id": "", "payload": {}}}
{"jsonrpc": "2.0", "method": "event", "params": {"type": "sessions.changed", "session_id": "", "payload": {}}}
{"jsonrpc": "2.0", "method": "event", "params": {"type": "cron.changed", "session_id": "", "payload": {}}}
{"jsonrpc": "2.0", "method": "event", "params": {"type": "sessions.changed", "session_id": "", "payload": {}}}
{"jsonrpc": "2.0", "method": "event", "params": {"type": "sessions.changed", "session_id": "", "payload": {}}}
{"jsonrpc": "2.0", "method": "event", "params": {"type": "cron.changed", "session_id": "", "payload": {}}}
{"jsonrpc": "2.0", "method": "event", "params": {"type": "sessions.changed", "session_id": "", "payload": {}}}
{"jsonrpc": "2.0", "method": "event", "params": {"type": "sessions.changed", "session_id": "", "payload": {}}}
{"jsonrpc": "2.0", "method": "event", "params": {"type": "cron.changed", "session_id": "", "payload": {}}}
{"jsonrpc": "2.0", "method": "event", "params": {"type": "sessions.changed", "session_id": "", "payload": {}}}
{"jsonrpc": "2.0", "method": "event", "params": {"type": "sessions.changed", "session_id": "", "payload": {}}}
{"jsonrpc": "2.0", "method": "event", "params": {"type": "cron.changed", "session_id": "", "payload": {}}}
{"jsonrpc": "2.0", "method": "event", "params": {"type": "sessions.changed", "session_id": "", "payload": {}}}
{"jsonrpc": "2.0", "method": "event", "params": {"type": "sessions.changed", "session_id": "", "payload": {}}}
{"jsonrpc": "2.0", "method": "event", "params": {"type": "cron.changed", "session_id": "", "payload": {}}}
{"jsonrpc": "2.0", "method": "event", "params": {"type": "sessions.changed", "session_id": "", "payload": {}}}
{"jsonrpc": "2.0", "method": "event", "params": {"type": "sessions.changed", "session_id": "", "payload": {}}}
{"jsonrpc": "2.0", "method": "event", "params": {"type": "cron.changed", "session_id": "", "payload": {}}}
{"jsonrpc": "2.0", "method": "event", "params": {"type": "sessions.changed", "session_id": "", "payload": {}}}
{"jsonrpc": "2.0", "method": "event", "params": {"type": "sessions.changed", "session_id": "", "payload": {}}}
{"jsonrpc": "2.0", "method": "event", "params": {"type": "cron.changed", "session_id": "", "payload": {}}}
{"jsonrpc": "2.0", "method": "event", "params": {"type": "sessions.changed", "session_id": "", "payload": {}}}
{"jsonrpc": "2.0", "method": "event", "params": {"type": "sessions.changed", "session_id": "", "payload": {}}}
{"jsonrpc": "2.0", "method": "event", "params": {"type": "cron.changed", "session_id": "", "payload": {}}}
{"jsonrpc": "2.0", "method": "event", "params": {"type": "cron.changed", "session_id": "", "payload": {}}}
{"jsonrpc": "2.0", "method": "event", "params": {"type": "sessions.changed", "session_id": "", "payload": {}}}
{"jsonrpc": "2.0", "method": "event", "params": {"type": "sessions.changed", "session_id": "", "payload": {}}}
{"jsonrpc": "2.0", "method": "event", "params": {"type": "cron.changed", "session_id": "", "payload": {}}}
{"jsonrpc": "2.0", "method": "event", "params": {"type": "cron.changed", "session_id": "", "payload": {}}}
{"jsonrpc": "2.0", "method": "event", "params": {"type": "sessions.changed", "session_id": "", "payload": {}}}
{"jsonrpc": "2.0", "method": "event", "params": {"type": "session.reclaimed", "session_id": "", "payload": {"session_id": "4a7320dc", "stored_session_id": "20260809_183937_349ecd", "reason": "idle_timeout"}}}
{"jsonrpc": "2.0", "method": "event", "params": {"type": "sessions.changed", "session_id": "", "payload": {}}}
{"jsonrpc": "2.0", "method": "event", "params": {"type": "sessions.changed", "session_id": "", "payload": {}}}
{"jsonrpc": "2.0", "method": "event", "params": {"type": "cron.changed", "session_id": "", "payload": {}}}
{"jsonrpc": "2.0", "method": "event", "params": {"type": "sessions.changed", "session_id": "", "payload": {}}}
{"jsonrpc": "2.0", "method": "event", "params": {"type": "sessions.changed", "session_id": "", "payload": {}}}
{"jsonrpc": "2.0", "method": "event", "params": {"type": "cron.changed", "session_id": "", "payload": {}}}
{"jsonrpc": "2.0", "method": "event", "params": {"type": "sessions.changed", "session_id": "", "payload": {}}}
{"jsonrpc": "2.0", "method": "event", "params": {"type": "sessions.changed", "session_id": "", "payload": {}}}
{"jsonrpc": "2.0", "method": "event", "params": {"type": "sessions.changed", "session_id": "", "payload": {}}}
{"jsonrpc": "2.0", "method": "event", "params": {"type": "sessions.changed", "session_id": "", "payload": {}}}
{"jsonrpc": "2.0", "method": "event", "params": {"type": "cron.changed", "session_id": "", "payload": {}}}
{"jsonrpc": "2.0", "method": "event", "params": {"type": "sessions.changed", "session_id": "", "payload": {}}}
{"jsonrpc": "2.0", "method": "event", "params": {"type": "sessions.changed", "session_id": "", "payload": {}}}
{"jsonrpc": "2.0", "method": "event", "params": {"type": "cron.changed", "session_id": "", "payload": {}}}
{"jsonrpc": "2.0", "method": "event", "params": {"type": "sessions.changed", "session_id": "", "payload": {}}}
{"jsonrpc": "2.0", "method": "event", "params": {"type": "sessions.changed", "session_id": "", "payload": {}}}
{"jsonrpc": "2.0", "method": "event", "params": {"type": "cron.changed", "session_id": "", "payload": {}}}
{"jsonrpc": "2.0", "method": "event", "params": {"type": "cron.changed", "session_id": "", "payload": {}}}
{"jsonrpc": "2.0", "method": "event", "params": {"type": "sessions.changed", "session_id": "", "payload": {}}}
{"jsonrpc": "2.0", "method": "event", "params": {"type": "sessions.changed", "session_id": "", "payload": {}}}
{"jsonrpc": "2.0", "method": "event", "params": {"type": "cron.changed", "session_id": "", "payload": {}}}
{"jsonrpc": "2.0", "method": "event", "params": {"type": "sessions.changed", "session_id": "", "payload": {}}}
{"jsonrpc": "2.0", "method": "event", "params": {"type": "sessions.changed", "session_id": "", "payload": {}}}
{"jsonrpc": "2.0", "method": "event", "params": {"type": "cron.changed", "session_id": "", "payload": {}}}
{"jsonrpc": "2.0", "method": "event", "params": {"type": "sessions.changed", "session_id": "", "payload": {}}}
{"jsonrpc": "2.0", "method": "event", "params": {"type": "sessions.changed", "session_id": "", "payload": {}}}
{"jsonrpc": "2.0", "method": "event", "params": {"type": "cron.changed", "session_id": "", "payload": {}}}
{"jsonrpc": "2.0", "method": "event", "params": {"type": "sessions.changed", "session_id": "", "payload": {}}}
{"jsonrpc": "2.0", "method": "event", "params": {"type": "sessions.changed", "session_id": "", "payload": {}}}
{"jsonrpc": "2.0", "method": "event", "params": {"type": "cron.changed", "session_id": "", "payload": {}}}
{"jsonrpc": "2.0", "method": "event", "params": {"type": "cron.changed", "session_id": "", "payload": {}}}
{"jsonrpc": "2.0", "method": "event", "params": {"type": "sessions.changed", "session_id": "", "payload": {}}}
{"jsonrpc": "2.0", "method": "event", "params": {"type": "sessions.changed", "session_id": "", "payload": {}}}
{"jsonrpc": "2.0", "method": "event", "params": {"type": "cron.changed", "session_id": "", "payload": {}}}
{"jsonrpc": "2.0", "method": "event", "params": {"type": "sessions.changed", "session_id": "", "payload": {}}}
{"jsonrpc": "2.0", "method": "event", "params": {"type": "sessions.changed", "session_id": "", "payload": {}}}
{"jsonrpc": "2.0", "method": "event", "params": {"type": "cron.changed", "session_id": "", "payload": {}}}
{"jsonrpc": "2.0", "method": "event", "params": {"type": "sessions.changed", "session_id": "", "payload": {}}}
{"jsonrpc": "2.0", "method": "event", "params": {"type": "sessions.changed", "session_id": "", "payload": {}}}
{"jsonrpc": "2.0", "method": "event", "params": {"type": "cron.changed", "session_id": "", "payload": {}}}
{"jsonrpc": "2.0", "method": "event", "params": {"type": "cron.changed", "session_id": "", "payload": {}}}
{"jsonrpc": "2.0", "method": "event", "params": {"type": "sessions.changed", "session_id": "", "payload": {}}}
{"jsonrpc": "2.0", "method": "event", "params": {"type": "sessions.changed", "session_id": "", "payload": {}}}
{"jsonrpc": "2.0", "method": "event", "params": {"type": "cron.changed", "session_id": "", "payload": {}}}
{"jsonrpc": "2.0", "method": "event", "params": {"type": "sessions.changed", "session_id": "", "payload": {}}}
{"jsonrpc": "2.0", "method": "event", "params": {"type": "sessions.changed", "session_id": "", "payload": {}}}
{"jsonrpc": "2.0", "method": "event", "params": {"type": "cron.changed", "session_id": "", "payload": {}}}
{"jsonrpc": "2.0", "method": "event", "params": {"type": "sessions.changed", "session_id": "", "payload": {}}}
{"jsonrpc": "2.0", "method": "event", "params": {"type": "sessions.changed", "session_id": "", "payload": {}}}
{"jsonrpc": "2.0", "method": "event", "params": {"type": "sessions.changed", "session_id": "", "payload": {}}}
{"jsonrpc": "2.0", "method": "event", "params": {"type": "sessions.changed", "session_id": "", "payload": {}}}
{"jsonrpc": "2.0", "method": "event", "params": {"type": "cron.changed", "session_id": "", "payload": {}}}
{"jsonrpc": "2.0", "method": "event", "params": {"type": "sessions.changed", "session_id": "", "payload": {}}}
{"jsonrpc": "2.0", "method": "event", "params": {"type": "sessions.changed", "session_id": "", "payload": {}}}
{"jsonrpc": "2.0", "method": "event", "params": {"type": "cron.changed", "session_id": "", "payload": {}}}
{"jsonrpc": "2.0", "method": "event", "params": {"type": "sessions.changed", "session_id": "", "payload": {}}}
{"jsonrpc": "2.0", "method": "event", "params": {"type": "sessions.changed", "session_id": "", "payload": {}}}
{"jsonrpc": "2.0", "method": "event", "params": {"type": "cron.changed", "session_id": "", "payload": {}}}
{"jsonrpc": "2.0", "method": "event", "params": {"type": "sessions.changed", "session_id": "", "payload": {}}}
{"jsonrpc": "2.0", "method": "event", "params": {"type": "sessions.changed", "session_id": "", "payload": {}}}
{"jsonrpc": "2.0", "method": "event", "params": {"type": "cron.changed", "session_id": "", "payload": {}}}
{"jsonrpc": "2.0", "method": "event", "params": {"type": "sessions.changed", "session_id": "", "payload": {}}}
{"jsonrpc": "2.0", "method": "event", "params": {"type": "sessions.changed", "session_id": "", "payload": {}}}
{"jsonrpc": "2.0", "method": "event", "params": {"type": "cron.changed", "session_id": "", "payload": {}}}
{"jsonrpc": "2.0", "method": "event", "params": {"type": "cron.changed", "session_id": "", "payload": {}}}
{"jsonrpc": "2.0", "method": "event", "params": {"type": "sessions.changed", "session_id": "", "payload": {}}}
{"jsonrpc": "2.0", "method": "event", "params": {"type": "sessions.changed", "session_id": "", "payload": {}}}
{"jsonrpc": "2.0", "method": "event", "params": {"type": "cron.changed", "session_id": "", "payload": {}}}
{"jsonrpc": "2.0", "method": "event", "params": {"type": "sessions.changed", "session_id": "", "payload": {}}}
{"jsonrpc": "2.0", "method": "event", "params": {"type": "sessions.changed", "session_id": "", "payload": {}}}
{"jsonrpc": "2.0", "method": "event", "params": {"type": "cron.changed", "session_id": "", "payload": {}}}
{"jsonrpc": "2.0", "method": "event", "params": {"type": "sessions.changed", "session_id": "", "payload": {}}}
{"jsonrpc": "2.0", "method": "event", "params": {"type": "sessions.changed", "session_id": "", "payload": {}}}
{"jsonrpc": "2.0", "method": "event", "params": {"type": "cron.changed", "session_id": "", "payload": {}}}
{"jsonrpc": "2.0", "method": "event", "params": {"type": "sessions.changed", "session_id": "", "payload": {}}}
{"jsonrpc": "2.0", "method": "event", "params": {"type": "sessions.changed", "session_id": "", "payload": {}}}
{"jsonrpc": "2.0", "method": "event", "params": {"type": "cron.changed", "session_id": "", "payload": {}}}
{"jsonrpc": "2.0", "method": "event", "params": {"type": "sessions.changed", "session_id": "", "payload": {}}}
{"jsonrpc": "2.0", "method": "event", "params": {"type": "sessions.changed", "session_id": "", "payload": {}}}
{"jsonrpc": "2.0", "method": "event", "params": {"type": "cron.changed", "session_id": "", "payload": {}}}
{"jsonrpc": "2.0", "method": "event", "params": {"type": "sessions.changed", "session_id": "", "payload": {}}}
{"jsonrpc": "2.0", "method": "event", "params": {"type": "sessions.changed", "session_id": "", "payload": {}}}
{"jsonrpc": "2.0", "method": "event", "params": {"type": "cron.changed", "session_id": "", "payload": {}}}
{"jsonrpc": "2.0", "method": "event", "params": {"type": "sessions.changed", "session_id": "", "payload": {}}}
{"jsonrpc": "2.0", "method": "event", "params": {"type": "sessions.changed", "session_id": "", "payload": {}}}
{"jsonrpc": "2.0", "method": "event", "params": {"type": "cron.changed", "session_id": "", "payload": {}}}
{"jsonrpc": "2.0", "method": "event", "params": {"type": "cron.changed", "session_id": "", "payload": {}}}
{"jsonrpc": "2.0", "method": "event", "params": {"type": "sessions.changed", "session_id": "", "payload": {}}}
{"jsonrpc": "2.0", "method": "event", "params": {"type": "sessions.changed", "session_id": "", "payload": {}}}
{"jsonrpc": "2.0", "method": "event", "params": {"type": "sessions.changed", "session_id": "", "payload": {}}}
{"jsonrpc": "2.0", "method": "event", "params": {"type": "sessions.changed", "session_id": "", "payload": {}}}
{"jsonrpc": "2.0", "method": "event", "params": {"type": "cron.changed", "session_id": "", "payload": {}}}
{"jsonrpc": "2.0", "method": "event", "params": {"type": "sessions.changed", "session_id": "", "payload": {}}}
{"jsonrpc": "2.0", "method": "event", "params": {"type": "sessions.changed", "session_id": "", "payload": {}}}
{"jsonrpc": "2.0", "method": "event", "params": {"type": "cron.changed", "session_id": "", "payload": {}}}
{"jsonrpc": "2.0", "method": "event", "params": {"type": "sessions.changed", "session_id": "", "payload": {}}}
{"jsonrpc": "2.0", "method": "event", "params": {"type": "sessions.changed", "session_id": "", "payload": {}}}
{"jsonrpc": "2.0", "method": "event", "params": {"type": "cron.changed", "session_id": "", "payload": {}}}
{"jsonrpc": "2.0", "method": "event", "params": {"type": "sessions.changed", "session_id": "", "payload": {}}}
{"jsonrpc": "2.0", "method": "event", "params": {"type": "sessions.changed", "session_id": "", "payload": {}}}
{"jsonrpc": "2.0", "method": "event", "params": {"type": "cron.changed", "session_id": "", "payload": {}}}
{"jsonrpc": "2.0", "method": "event", "params": {"type": "sessions.changed", "session_id": "", "payload": {}}}
{"jsonrpc": "2.0", "method": "event", "params": {"type": "sessions.changed", "session_id": "", "payload": {}}}
{"jsonrpc": "2.0", "method": "event", "params": {"type": "cron.changed", "session_id": "", "payload": {}}}
{"jsonrpc": "2.0", "method": "event", "params": {"type": "sessions.changed", "session_id": "", "payload": {}}}
{"jsonrpc": "2.0", "method": "event", "params": {"type": "sessions.changed", "session_id": "", "payload": {}}}
{"jsonrpc": "2.0", "method": "event", "params": {"type": "cron.changed", "session_id": "", "payload": {}}}
{"jsonrpc": "2.0", "method": "event", "params": {"type": "sessions.changed", "session_id": "", "payload": {}}}
{"jsonrpc": "2.0", "method": "event", "params": {"type": "sessions.changed", "session_id": "", "payload": {}}}
{"jsonrpc": "2.0", "method": "event", "params": {"type": "cron.changed", "session_id": "", "payload": {}}}
{"jsonrpc": "2.0", "method": "event", "params": {"type": "sessions.changed", "session_id": "", "payload": {}}}
{"jsonrpc": "2.0", "method": "event", "params": {"type": "sessions.changed", "session_id": "", "payload": {}}}
{"jsonrpc": "2.0", "method": "event", "params": {"type": "cron.changed", "session_id": "", "payload": {}}}
{"jsonrpc": "2.0", "method": "event", "params": {"type": "sessions.changed", "session_id": "", "payload": {}}}
{"jsonrpc": "2.0", "method": "event", "params": {"type": "sessions.changed", "session_id": "", "payload": {}}}
{"jsonrpc": "2.0", "method": "event", "params": {"type": "cron.changed", "session_id": "", "payload": {}}}
{"jsonrpc": "2.0", "method": "event", "params": {"type": "sessions.changed", "session_id": "", "payload": {}}}
{"jsonrpc": "2.0", "method": "event", "params": {"type": "sessions.changed", "session_id": "", "payload": {}}}
{"jsonrpc": "2.0", "method": "event", "params": {"type": "cron.changed", "session_id": "", "payload": {}}}
{"jsonrpc": "2.0", "method": "event", "params": {"type": "sessions.changed", "session_id": "", "payload": {}}}
{"jsonrpc": "2.0", "method": "event", "params": {"type": "sessions.changed", "session_id": "", "payload": {}}}
{"jsonrpc": "2.0", "method": "event", "params": {"type": "cron.changed", "session_id": "", "payload": {}}}
{"jsonrpc": "2.0", "method": "event", "params": {"type": "sessions.changed", "session_id": "", "payload": {}}}
{"jsonrpc": "2.0", "method": "event", "params": {"type": "sessions.changed", "session_id": "", "payload": {}}}
{"jsonrpc": "2.0", "method": "event", "params": {"type": "cron.changed", "session_id": "", "payload": {}}}
{"jsonrpc": "2.0", "method": "event", "params": {"type": "sessions.changed", "session_id": "", "payload": {}}}
{"jsonrpc": "2.0", "method": "event", "params": {"type": "sessions.changed", "session_id": "", "payload": {}}}
{"jsonrpc": "2.0", "method": "event", "params": {"type": "sessions.changed", "session_id": "", "payload": {}}}
{"jsonrpc": "2.0", "method": "event", "params": {"type": "sessions.changed", "session_id": "", "payload": {}}}
{"jsonrpc": "2.0", "method": "event", "params": {"type": "cron.changed", "session_id": "", "payload": {}}}
{"jsonrpc": "2.0", "method": "event", "params": {"type": "sessions.changed", "session_id": "", "payload": {}}}
{"jsonrpc": "2.0", "method": "event", "params": {"type": "sessions.changed", "session_id": "", "payload": {}}}
{"jsonrpc": "2.0", "method": "event", "params": {"type": "cron.changed", "session_id": "", "payload": {}}}
{"jsonrpc": "2.0", "method": "event", "params": {"type": "sessions.changed", "session_id": "", "payload": {}}}
{"jsonrpc": "2.0", "method": "event", "params": {"type": "sessions.changed", "session_id": "", "payload": {}}}
{"jsonrpc": "2.0", "method": "event", "params": {"type": "cron.changed", "session_id": "", "payload": {}}}
{"jsonrpc": "2.0", "method": "event", "params": {"type": "sessions.changed", "session_id": "", "payload": {}}}
{"jsonrpc": "2.0", "method": "event", "params": {"type": "sessions.changed", "session_id": "", "payload": {}}}
{"jsonrpc": "2.0", "method": "event", "params": {"type": "cron.changed", "session_id": "", "payload": {}}}
{"jsonrpc": "2.0", "method": "event", "params": {"type": "sessions.changed", "session_id": "", "payload": {}}}
{"jsonrpc": "2.0", "method": "event", "params": {"type": "sessions.changed", "session_id": "", "payload": {}}}
{"jsonrpc": "2.0", "method": "event", "params": {"type": "cron.changed", "session_id": "", "payload": {}}}
{"jsonrpc": "2.0", "method": "event", "params": {"type": "sessions.changed", "session_id": "", "payload": {}}}
{"jsonrpc": "2.0", "method": "event", "params": {"type": "sessions.changed", "session_id": "", "payload": {}}}
{"jsonrpc": "2.0", "method": "event", "params": {"type": "cron.changed", "session_id": "", "payload": {}}}
{"jsonrpc": "2.0", "method": "event", "params": {"type": "sessions.changed", "session_id": "", "payload": {}}}
{"jsonrpc": "2.0", "method": "event", "params": {"type": "sessions.changed", "session_id": "", "payload": {}}}
{"jsonrpc": "2.0", "method": "event", "params": {"type": "cron.changed", "session_id": "", "payload": {}}}
{"jsonrpc": "2.0", "method": "event", "params": {"type": "sessions.changed", "session_id": "", "payload": {}}}
{"jsonrpc": "2.0", "method": "event", "params": {"type": "sessions.changed", "session_id": "", "payload": {}}}
{"jsonrpc": "2.0", "method": "event", "params": {"type": "cron.changed", "session_id": "", "payload": {}}}
{"jsonrpc": "2.0", "method": "event", "params": {"type": "sessions.changed", "session_id": "", "payload": {}}}
{"jsonrpc": "2.0", "method": "event", "params": {"type": "sessions.changed", "session_id": "", "payload": {}}}
{"jsonrpc": "2.0", "method": "event", "params": {"type": "cron.changed", "session_id": "", "payload": {}}}
{"jsonrpc": "2.0", "method": "event", "params": {"type": "sessions.changed", "session_id": "", "payload": {}}}
{"jsonrpc": "2.0", "method": "event", "params": {"type": "sessions.changed", "session_id": "", "payload": {}}}
{"jsonrpc": "2.0", "method": "event", "params": {"type": "cron.changed", "session_id": "", "payload": {}}}
{"jsonrpc": "2.0", "method": "event", "params": {"type": "sessions.changed", "session_id": "", "payload": {}}}
{"jsonrpc": "2.0", "method": "event", "params": {"type": "sessions.changed", "session_id": "", "payload": {}}}
{"jsonrpc": "2.0", "method": "event", "params": {"type": "cron.changed", "session_id": "", "payload": {}}}
{"jsonrpc": "2.0", "method": "event", "params": {"type": "sessions.changed", "session_id": "", "payload": {}}}
{"jsonrpc": "2.0", "method": "event", "params": {"type": "sessions.changed", "session_id": "", "payload": {}}}
{"jsonrpc": "2.0", "method": "event", "params": {"type": "cron.changed", "session_id": "", "payload": {}}}
{"jsonrpc": "2.0", "method": "event", "params": {"type": "sessions.changed", "session_id": "", "payload": {}}}
{"jsonrpc": "2.0", "method": "event", "params": {"type": "sessions.changed", "session_id": "", "payload": {}}}
{"jsonrpc": "2.0", "method": "event", "params": {"type": "sessions.changed", "session_id": "", "payload": {}}}
{"jsonrpc": "2.0", "method": "event", "params": {"type": "sessions.changed", "session_id": "", "payload": {}}}
{"jsonrpc": "2.0", "method": "event", "params": {"type": "cron.changed", "session_id": "", "payload": {}}}
{"jsonrpc": "2.0", "method": "event", "params": {"type": "sessions.changed", "session_id": "", "payload": {}}}
{"jsonrpc": "2.0", "method": "event", "params": {"type": "sessions.changed", "session_id": "", "payload": {}}}
{"jsonrpc": "2.0", "method": "event", "params": {"type": "cron.changed", "session_id": "", "payload": {}}}
{"jsonrpc": "2.0", "method": "event", "params": {"type": "sessions.changed", "session_id": "", "payload": {}}}
{"jsonrpc": "2.0", "method": "event", "params": {"type": "sessions.changed", "session_id": "", "payload": {}}}
{"jsonrpc": "2.0", "method": "event", "params": {"type": "cron.changed", "session_id": "", "payload": {}}}
{"jsonrpc": "2.0", "method": "event", "params": {"type": "sessions.changed", "session_id": "", "payload": {}}}
{"jsonrpc": "2.0", "method": "event", "params": {"type": "sessions.changed", "session_id": "", "payload": {}}}
{"jsonrpc": "2.0", "method": "event", "params": {"type": "cron.changed", "session_id": "", "payload": {}}}
{"jsonrpc": "2.0", "method": "event", "params": {"type": "sessions.changed", "session_id": "", "payload": {}}}
{"jsonrpc": "2.0", "method": "event", "params": {"type": "sessions.changed", "session_id": "", "payload": {}}}
{"jsonrpc": "2.0", "method": "event", "params": {"type": "cron.changed", "session_id": "", "payload": {}}}
{"jsonrpc": "2.0", "method": "event", "params": {"type": "cron.changed", "session_id": "", "payload": {}}}
{"jsonrpc": "2.0", "method": "event", "params": {"type": "sessions.changed", "session_id": "", "payload": {}}}
{"jsonrpc": "2.0", "method": "event", "params": {"type": "sessions.changed", "session_id": "", "payload": {}}}
{"jsonrpc": "2.0", "method": "event", "params": {"type": "cron.changed", "session_id": "", "payload": {}}}
{"jsonrpc": "2.0", "method": "event", "params": {"type": "sessions.changed", "session_id": "", "payload": {}}}
{"jsonrpc": "2.0", "method": "event", "params": {"type": "sessions.changed", "session_id": "", "payload": {}}}
{"jsonrpc": "2.0", "method": "event", "params": {"type": "cron.changed", "session_id": "", "payload": {}}}
{"jsonrpc": "2.0", "method": "event", "params": {"type": "sessions.changed", "session_id": "", "payload": {}}}
{"jsonrpc": "2.0", "method": "event", "params": {"type": "sessions.changed", "session_id": "", "payload": {}}}
{"jsonrpc": "2.0", "method": "event", "params": {"type": "cron.changed", "session_id": "", "payload": {}}}
{"jsonrpc": "2.0", "method": "event", "params": {"type": "sessions.changed", "session_id": "", "payload": {}}}
{"jsonrpc": "2.0", "method": "event", "params": {"type": "sessions.changed", "session_id": "", "payload": {}}}
{"jsonrpc": "2.0", "method": "event", "params": {"type": "cron.changed", "session_id": "", "payload": {}}}
{"jsonrpc": "2.0", "method": "event", "params": {"type": "sessions.changed", "session_id": "", "payload": {}}}
{"jsonrpc": "2.0", "method": "event", "params": {"type": "sessions.changed", "session_id": "", "payload": {}}}
{"jsonrpc": "2.0", "method": "event", "params": {"type": "cron.changed", "session_id": "", "payload": {}}}
{"jsonrpc": "2.0", "method": "event", "params": {"type": "sessions.changed", "session_id": "", "payload": {}}}
{"jsonrpc": "2.0", "method": "event", "params": {"type": "sessions.changed", "session_id": "", "payload": {}}}
{"jsonrpc": "2.0", "method": "event", "params": {"type": "cron.changed", "session_id": "", "payload": {}}}
{"jsonrpc": "2.0", "method": "event", "params": {"type": "sessions.changed", "session_id": "", "payload": {}}}
{"jsonrpc": "2.0", "method": "event", "params": {"type": "sessions.changed", "session_id": "", "payload": {}}}
{"jsonrpc": "2.0", "method": "event", "params": {"type": "cron.changed", "session_id": "", "payload": {}}}
{"jsonrpc": "2.0", "method": "event", "params": {"type": "sessions.changed", "session_id": "", "payload": {}}}
{"jsonrpc": "2.0", "method": "event", "params": {"type": "sessions.changed", "session_id": "", "payload": {}}}
{"jsonrpc": "2.0", "method": "event", "params": {"type": "sessions.changed", "session_id": "", "payload": {}}}
{"jsonrpc": "2.0", "method": "event", "params": {"type": "sessions.changed", "session_id": "", "payload": {}}}
{"jsonrpc": "2.0", "method": "event", "params": {"type": "cron.changed", "session_id": "", "payload": {}}}
{"jsonrpc": "2.0", "method": "event", "params": {"type": "sessions.changed", "session_id": "", "payload": {}}}
{"jsonrpc": "2.0", "method": "event", "params": {"type": "sessions.changed", "session_id": "", "payload": {}}}
{"jsonrpc": "2.0", "method": "event", "params": {"type": "cron.changed", "session_id": "", "payload": {}}}
{"jsonrpc": "2.0", "method": "event", "params": {"type": "sessions.changed", "session_id": "", "payload": {}}}
{"jsonrpc": "2.0", "method": "event", "params": {"type": "sessions.changed", "session_id": "", "payload": {}}}
{"jsonrpc": "2.0", "method": "event", "params": {"type": "cron.changed", "session_id": "", "payload": {}}}
{"jsonrpc": "2.0", "method": "event", "params": {"type": "cron.changed", "session_id": "", "payload": {}}}
{"jsonrpc": "2.0", "method": "event", "params": {"type": "sessions.changed", "session_id": "", "payload": {}}}
{"jsonrpc": "2.0", "method": "event", "params": {"type": "sessions.changed", "session_id": "", "payload": {}}}
{"jsonrpc": "2.0", "method": "event", "params": {"type": "cron.changed", "session_id": "", "payload": {}}}
{"jsonrpc": "2.0", "method": "event", "params": {"type": "sessions.changed", "session_id": "", "payload": {}}}
{"jsonrpc": "2.0", "method": "event", "params": {"type": "sessions.changed", "session_id": "", "payload": {}}}
{"jsonrpc": "2.0", "method": "event", "params": {"type": "sessions.changed", "session_id": "", "payload": {}}}
{"jsonrpc": "2.0", "method": "event", "params": {"type": "cron.changed", "session_id": "", "payload": {}}}
{"jsonrpc": "2.0", "method": "event", "params": {"type": "sessions.changed", "session_id": "", "payload": {}}}
{"jsonrpc": "2.0", "method": "event", "params": {"type": "sessions.changed", "session_id": "", "payload": {}}}
{"jsonrpc": "2.0", "method": "event", "params": {"type": "cron.changed", "session_id": "", "payload": {}}}
{"jsonrpc": "2.0", "method": "event", "params": {"type": "cron.changed", "session_id": "", "payload": {}}}
{"jsonrpc": "2.0", "method": "event", "params": {"type": "sessions.changed", "session_id": "", "payload": {}}}
{"jsonrpc": "2.0", "method": "event", "params": {"type": "sessions.changed", "session_id": "", "payload": {}}}
{"jsonrpc": "2.0", "method": "event", "params": {"type": "cron.changed", "session_id": "", "payload": {}}}
{"jsonrpc": "2.0", "method": "event", "params": {"type": "sessions.changed", "session_id": "", "payload": {}}}
{"jsonrpc": "2.0", "method": "event", "params": {"type": "sessions.changed", "session_id": "", "payload": {}}}
{"jsonrpc": "2.0", "method": "event", "params": {"type": "cron.changed", "session_id": "", "payload": {}}}
{"jsonrpc": "2.0", "method": "event", "params": {"type": "sessions.changed", "session_id": "", "payload": {}}}
{"jsonrpc": "2.0", "method": "event", "params": {"type": "sessions.changed", "session_id": "", "payload": {}}}
{"jsonrpc": "2.0", "method": "event", "params": {"type": "cron.changed", "session_id": "", "payload": {}}}
{"jsonrpc": "2.0", "method": "event", "params": {"type": "sessions.changed", "session_id": "", "payload": {}}}
{"jsonrpc": "2.0", "method": "event", "params": {"type": "sessions.changed", "session_id": "", "payload": {}}}
{"jsonrpc": "2.0", "method": "event", "params": {"type": "cron.changed", "session_id": "", "payload": {}}}
{"jsonrpc": "2.0", "method": "event", "params": {"type": "sessions.changed", "session_id": "", "payload": {}}}
{"jsonrpc": "2.0", "method": "event", "params": {"type": "sessions.changed", "session_id": "", "payload": {}}}
{"jsonrpc": "2.0", "method": "event", "params": {"type": "cron.changed", "session_id": "", "payload": {}}}
{"jsonrpc": "2.0", "method": "event", "params": {"type": "sessions.changed", "session_id": "", "payload": {}}}
{"jsonrpc": "2.0", "method": "event", "params": {"type": "sessions.changed", "session_id": "", "payload": {}}}
{"jsonrpc": "2.0", "method": "event", "params": {"type": "cron.changed", "session_id": "", "payload": {}}}
{"jsonrpc": "2.0", "method": "event", "params": {"type": "sessions.changed", "session_id": "", "payload": {}}}
{"jsonrpc": "2.0", "method": "event", "params": {"type": "sessions.changed", "session_id": "", "payload": {}}}
{"jsonrpc": "2.0", "method": "event", "params": {"type": "sessions.changed", "session_id": "", "payload": {}}}
{"jsonrpc": "2.0", "method": "event", "params": {"type": "sessions.changed", "session_id": "", "payload": {}}}
{"jsonrpc": "2.0", "method": "event", "params": {"type": "cron.changed", "session_id": "", "payload": {}}}
{"jsonrpc": "2.0", "method": "event", "params": {"type": "cron.changed", "session_id": "", "payload": {}}}
{"jsonrpc": "2.0", "method": "event", "params": {"type": "sessions.changed", "session_id": "", "payload": {}}}
{"jsonrpc": "2.0", "method": "event", "params": {"type": "sessions.changed", "session_id": "", "payload": {}}}
{"jsonrpc": "2.0", "method": "event", "params": {"type": "cron.changed", "session_id": "", "payload": {}}}
{"jsonrpc": "2.0", "method": "event", "params": {"type": "sessions.changed", "session_id": "", "payload": {}}}
{"jsonrpc": "2.0", "method": "event", "params": {"type": "sessions.changed", "session_id": "", "payload": {}}}
{"jsonrpc": "2.0", "method": "event", "params": {"type": "cron.changed", "session_id": "", "payload": {}}}
{"jsonrpc": "2.0", "method": "event", "params": {"type": "sessions.changed", "session_id": "", "payload": {}}}
{"jsonrpc": "2.0", "method": "event", "params": {"type": "sessions.changed", "session_id": "", "payload": {}}}
{"jsonrpc": "2.0", "method": "event", "params": {"type": "cron.changed", "session_id": "", "payload": {}}}
{"jsonrpc": "2.0", "method": "event", "params": {"type": "cron.changed", "session_id": "", "payload": {}}}
{"jsonrpc": "2.0", "method": "event", "params": {"type": "sessions.changed", "session_id": "", "payload": {}}}
{"jsonrpc": "2.0", "method": "event", "params": {"type": "sessions.changed", "session_id": "", "payload": {}}}
{"jsonrpc": "2.0", "method": "event", "params": {"type": "cron.changed", "session_id": "", "payload": {}}}
{"jsonrpc": "2.0", "method": "event", "params": {"type": "sessions.changed", "session_id": "", "payload": {}}}
{"jsonrpc": "2.0", "method": "event", "params": {"type": "sessions.changed", "session_id": "", "payload": {}}}
{"jsonrpc": "2.0", "method": "event", "params": {"type": "cron.changed", "session_id": "", "payload": {}}}
{"jsonrpc": "2.0", "method": "event", "params": {"type": "sessions.changed", "session_id": "", "payload": {}}}
{"jsonrpc": "2.0", "method": "event", "params": {"type": "cron.changed", "session_id": "", "payload": {}}}
{"jsonrpc": "2.0", "method": "event", "params": {"type": "cron.changed", "session_id": "", "payload": {}}}
{"jsonrpc": "2.0", "method": "event", "params": {"type": "sessions.changed", "session_id": "", "payload": {}}}
{"jsonrpc": "2.0", "method": "event", "params": {"type": "sessions.changed", "session_id": "", "payload": {}}}
{"jsonrpc": "2.0", "method": "event", "params": {"type": "cron.changed", "session_id": "", "payload": {}}}
{"jsonrpc": "2.0", "method": "event", "params": {"type": "sessions.changed", "session_id": "", "payload": {}}}
{"jsonrpc": "2.0", "method": "event", "params": {"type": "sessions.changed", "session_id": "", "payload": {}}}
{"jsonrpc": "2.0", "method": "event", "params": {"type": "cron.changed", "session_id": "", "payload": {}}}
{"jsonrpc": "2.0", "method": "event", "params": {"type": "sessions.changed", "session_id": "", "payload": {}}}
{"jsonrpc": "2.0", "method": "event", "params": {"type": "sessions.changed", "session_id": "", "payload": {}}}
{"jsonrpc": "2.0", "method": "event", "params": {"type": "cron.changed", "session_id": "", "payload": {}}}
{"jsonrpc": "2.0", "method": "event", "params": {"type": "sessions.changed", "session_id": "", "payload": {}}}
{"jsonrpc": "2.0", "method": "event", "params": {"type": "sessions.changed", "session_id": "", "payload": {}}}
{"jsonrpc": "2.0", "method": "event", "params": {"type": "cron.changed", "session_id": "", "payload": {}}}
{"jsonrpc": "2.0", "method": "event", "params": {"type": "cron.changed", "session_id": "", "payload": {}}}
{"jsonrpc": "2.0", "method": "event", "params": {"type": "sessions.changed", "session_id": "", "payload": {}}}
{"jsonrpc": "2.0", "method": "event", "params": {"type": "sessions.changed", "session_id": "", "payload": {}}}
{"jsonrpc": "2.0", "method": "event", "params": {"type": "cron.changed", "session_id": "", "payload": {}}}
{"jsonrpc": "2.0", "method": "event", "params": {"type": "sessions.changed", "session_id": "", "payload": {}}}
{"jsonrpc": "2.0", "method": "event", "params": {"type": "sessions.changed", "session_id": "", "payload": {}}}
{"jsonrpc": "2.0", "method": "event", "params": {"type": "sessions.changed", "session_id": "", "payload": {}}}
{"jsonrpc": "2.0", "method": "event", "params": {"type": "sessions.changed", "session_id": "", "payload": {}}}
{"jsonrpc": "2.0", "method": "event", "params": {"type": "cron.changed", "session_id": "", "payload": {}}}
{"jsonrpc": "2.0", "method": "event", "params": {"type": "sessions.changed", "session_id": "", "payload": {}}}
{"jsonrpc": "2.0", "method": "event", "params": {"type": "sessions.changed", "session_id": "", "payload": {}}}
{"jsonrpc": "2.0", "method": "event", "params": {"type": "cron.changed", "session_id": "", "payload": {}}}
{"jsonrpc": "2.0", "method": "event", "params": {"type": "sessions.changed", "session_id": "", "payload": {}}}
{"jsonrpc": "2.0", "method": "event", "params": {"type": "sessions.changed", "session_id": "", "payload": {}}}
{"jsonrpc": "2.0", "method": "event", "params": {"type": "cron.changed", "session_id": "", "payload": {}}}
{"jsonrpc": "2.0", "method": "event", "params": {"type": "sessions.changed", "session_id": "", "payload": {}}}
{"jsonrpc": "2.0", "method": "event", "params": {"type": "sessions.changed", "session_id": "", "payload": {}}}
{"jsonrpc": "2.0", "method": "event", "params": {"type": "cron.changed", "session_id": "", "payload": {}}}
{"jsonrpc": "2.0", "method": "event", "params": {"type": "sessions.changed", "session_id": "", "payload": {}}}
{"jsonrpc": "2.0", "method": "event", "params": {"type": "sessions.changed", "session_id": "", "payload": {}}}
{"jsonrpc": "2.0", "method": "event", "params": {"type": "cron.changed", "session_id": "", "payload": {}}}
{"jsonrpc": "2.0", "method": "event", "params": {"type": "sessions.changed", "session_id": "", "payload": {}}}
{"jsonrpc": "2.0", "method": "event", "params": {"type": "sessions.changed", "session_id": "", "payload": {}}}
{"jsonrpc": "2.0", "method": "event", "params": {"type": "cron.changed", "session_id": "", "payload": {}}}
{"jsonrpc": "2.0", "method": "event", "params": {"type": "cron.changed", "session_id": "", "payload": {}}}
{"jsonrpc": "2.0", "method": "event", "params": {"type": "sessions.changed", "session_id": "", "payload": {}}}
{"jsonrpc": "2.0", "method": "event", "params": {"type": "sessions.changed", "session_id": "", "payload": {}}}
{"jsonrpc": "2.0", "method": "event", "params": {"type": "cron.changed", "session_id": "", "payload": {}}}
{"jsonrpc": "2.0", "method": "event", "params": {"type": "sessions.changed", "session_id": "", "payload": {}}}
{"jsonrpc": "2.0", "method": "event", "params": {"type": "sessions.changed", "session_id": "", "payload": {}}}
{"jsonrpc": "2.0", "method": "event", "params": {"type": "cron.changed", "session_id": "", "payload": {}}}
{"jsonrpc": "2.0", "method": "event", "params": {"type": "sessions.changed", "session_id": "", "payload": {}}}
{"jsonrpc": "2.0", "method": "event", "params": {"type": "sessions.changed", "session_id": "", "payload": {}}}
{"jsonrpc": "2.0", "method": "event", "params": {"type": "cron.changed", "session_id": "", "payload": {}}}
{"jsonrpc": "2.0", "method": "event", "params": {"type": "cron.changed", "session_id": "", "payload": {}}}
{"jsonrpc": "2.0", "method": "event", "params": {"type": "sessions.changed", "session_id": "", "payload": {}}}
{"jsonrpc": "2.0", "method": "event", "params": {"type": "sessions.changed", "session_id": "", "payload": {}}}
{"jsonrpc": "2.0", "method": "event", "params": {"type": "cron.changed", "session_id": "", "payload": {}}}
{"jsonrpc": "2.0", "method": "event", "params": {"type": "sessions.changed", "session_id": "", "payload": {}}}
{"jsonrpc": "2.0", "method": "event", "params": {"type": "sessions.changed", "session_id": "", "payload": {}}}
{"jsonrpc": "2.0", "method": "event", "params": {"type": "cron.changed", "session_id": "", "payload": {}}}
{"jsonrpc": "2.0", "method": "event", "params": {"type": "sessions.changed", "session_id": "", "payload": {}}}
{"jsonrpc": "2.0", "method": "event", "params": {"type": "sessions.changed", "session_id": "", "payload": {}}}
{"jsonrpc": "2.0", "method": "event", "params": {"type": "cron.changed", "session_id": "", "payload": {}}}
{"jsonrpc": "2.0", "method": "event", "params": {"type": "cron.changed", "session_id": "", "payload": {}}}
{"jsonrpc": "2.0", "method": "event", "params": {"type": "sessions.changed", "session_id": "", "payload": {}}}
{"jsonrpc": "2.0", "method": "event", "params": {"type": "sessions.changed", "session_id": "", "payload": {}}}
{"jsonrpc": "2.0", "method": "event", "params": {"type": "platforms.changed", "session_id": "", "payload": {}}}
{"jsonrpc": "2.0", "method": "event", "params": {"type": "sessions.changed", "session_id": "", "payload": {}}}
{"jsonrpc": "2.0", "method": "event", "params": {"type": "sessions.changed", "session_id": "", "payload": {}}}
{"jsonrpc": "2.0", "method": "event", "params": {"type": "sessions.changed", "session_id": "", "payload": {}}}
{"jsonrpc": "2.0", "method": "event", "params": {"type": "sessions.changed", "session_id": "", "payload": {}}}
{"jsonrpc": "2.0", "method": "event", "params": {"type": "sessions.changed", "session_id": "", "payload": {}}}
{"jsonrpc": "2.0", "method": "event", "params": {"type": "sessions.changed", "session_id": "", "payload": {}}}
{"jsonrpc": "2.0", "method": "event", "params": {"type": "sessions.changed", "session_id": "", "payload": {}}}
{"jsonrpc": "2.0", "method": "event", "params": {"type": "sessions.changed", "session_id": "", "payload": {}}}
{"jsonrpc": "2.0", "method": "event", "params": {"type": "sessions.changed", "session_id": "", "payload": {}}}
{"jsonrpc": "2.0", "method": "event", "params": {"type": "platforms.changed", "session_id": "", "payload": {}}}
{"jsonrpc": "2.0", "method": "event", "params": {"type": "sessions.changed", "session_id": "", "payload": {}}}
{"jsonrpc": "2.0", "method": "event", "params": {"type": "platforms.changed", "session_id": "", "payload": {}}}
{"jsonrpc": "2.0", "method": "event", "params": {"type": "sessions.changed", "session_id": "", "payload": {}}}
⚡ Interrupted during API call.
⚡ Interrupted during API call.
{"jsonrpc": "2.0", "method": "event", "params": {"type": "session.reclaimed", "session_id": "", "payload": {"session_id": "f02fa9e5", "stored_session_id": "20260809_183937_349ecd", "reason": "ws_orphan_reap"}}}
{"jsonrpc": "2.0", "method": "event", "params": {"type": "session.reclaimed", "session_id": "", "payload": {"session_id": "70604b71", "stored_session_id": "20260810_091714_6f0577", "reason": "ws_orphan_reap"}}}
{"jsonrpc": "2.0", "method": "event", "params": {"type": "sessions.changed", "session_id": "", "payload": {}}}
{"jsonrpc": "2.0", "method": "event", "params": {"type": "cron.changed", "session_id": "", "payload": {}}}
{"jsonrpc": "2.0", "method": "event", "params": {"type": "sessions.changed", "session_id": "", "payload": {}}}
{"jsonrpc": "2.0", "method": "event", "params": {"type": "sessions.changed", "session_id": "", "payload": {}}}
{"jsonrpc": "2.0", "method": "event", "params": {"type": "platforms.changed", "session_id": "", "payload": {}}}
{"jsonrpc": "2.0", "method": "event", "params": {"type": "sessions.changed", "session_id": "", "payload": {}}}
{"jsonrpc": "2.0", "method": "event", "params": {"type": "sessions.changed", "session_id": "", "payload": {}}}
{"jsonrpc": "2.0", "method": "event", "params": {"type": "sessions.changed", "session_id": "", "payload": {}}}
{"jsonrpc": "2.0", "method": "event", "params": {"type": "cron.changed", "session_id": "", "payload": {}}}
{"jsonrpc": "2.0", "method": "event", "params": {"type": "sessions.changed", "session_id": "", "payload": {}}}
{"jsonrpc": "2.0", "method": "event", "params": {"type": "sessions.changed", "session_id": "", "payload": {}}}
{"jsonrpc": "2.0", "method": "event", "params": {"type": "sessions.changed", "session_id": "", "payload": {}}}
{"jsonrpc": "2.0", "method": "event", "params": {"type": "sessions.changed", "session_id": "", "payload": {}}}
{"jsonrpc": "2.0", "method": "event", "params": {"type": "sessions.changed", "session_id": "", "payload": {}}}
{"jsonrpc": "2.0", "method": "event", "params": {"type": "sessions.changed", "session_id": "", "payload": {}}}
{"jsonrpc": "2.0", "method": "event", "params": {"type": "sessions.changed", "session_id": "", "payload": {}}}
{"jsonrpc": "2.0", "method": "event", "params": {"type": "sessions.changed", "session_id": "", "payload": {}}}
⚡ Interrupted during API call.
⚡ Interrupted during API call.
⚡ Interrupted during API call.
⚡ Interrupted during API call.
⚡ Interrupted during API call.
⚡ Interrupted during API call.
⚡ Interrupted during API call.
⚡ Interrupted during API call.
⚠️ Tool guardrail halted web_extract: same_tool_failure_halt

I stopped retrying web_extract because it hit the tool-call guardrail (same_tool_failure_halt) after 3 repeated non-progressing attempts. The last tool result explains the blocker; the next step is to change strategy instead of repeating the same call.

{"jsonrpc": "2.0", "method": "event", "params": {"type": "agent.terminal.output", "session_id": "", "payload": {"process_id": "proc_aa6b0e1ec52c", "chunk": "==============================================\n"}}}
{"jsonrpc": "2.0", "method": "event", "params": {"type": "agent.terminal.output", "session_id": "", "payload": {"process_id": "proc_aa6b0e1ec52c", "chunk": "  Hermes Agent VPS  -  2026-08-10 11:00:05 SAST\n==============================================\n"}}}
{"jsonrpc": "2.0", "method": "event", "params": {"type": "agent.terminal.output", "session_id": "", "payload": {"process_id": "proc_aa6b0e1ec52c", "chunk": "Uptime: up 6 weeks, 3 days, 23 hours, 55 minutes\n"}}}
{"jsonrpc": "2.0", "method": "event", "params": {"type": "agent.terminal.output", "session_id": "", "payload": {"process_id": "proc_aa6b0e1ec52c", "chunk": "CPU Load: 0.46 0.46 0.37\n"}}}
{"jsonrpc": "2.0", "method": "event", "params": {"type": "agent.terminal.output", "session_id": "", "payload": {"process_id": "proc_aa6b0e1ec52c", "chunk": "Memory: 2.9Gi used / 5.8Gi total\n"}}}
{"jsonrpc": "2.0", "method": "event", "params": {"type": "agent.terminal.output", "session_id": "", "payload": {"process_id": "proc_aa6b0e1ec52c", "chunk": "Disk:   95% used (2.6G free)\n"}}}
{"jsonrpc": "2.0", "method": "event", "params": {"type": "agent.terminal.output", "session_id": "", "payload": {"process_id": "proc_aa6b0e1ec52c", "chunk": "Hermes tmux: hermes-dashboard: 1 windows (created Fri Aug  7 06:11:49 2026)\nhermes-serve: 1 windows (created Fri Aug  7 06:11:44 2026)\n"}}}
{"jsonrpc": "2.0", "method": "event", "params": {"type": "agent.terminal.output", "session_id": "", "payload": {"process_id": "proc_aa6b0e1ec52c", "chunk": "Fail2Ban: active\n==============================================\n"}}}
{"jsonrpc": "2.0", "method": "event", "params": {"type": "agent.terminal.output", "session_id": "", "payload": {"process_id": "proc_aa6b0e1ec52c", "chunk": "\n> tldraw-app@0.0.0 dev\n> vite\n\n"}}}
{"jsonrpc": "2.0", "method": "event", "params": {"type": "agent.terminal.output", "session_id": "", "payload": {"process_id": "proc_aa6b0e1ec52c", "chunk": "\n  VITE v5.4.11  ready in 635 ms\n\n"}}}
{"jsonrpc": "2.0", "method": "event", "params": {"type": "agent.terminal.output", "session_id": "", "payload": {"process_id": "proc_aa6b0e1ec52c", "chunk": "  ➜  Local:   http://localhost:3000/\n"}}}
{"jsonrpc": "2.0", "method": "event", "params": {"type": "agent.terminal.output", "session_id": "", "payload": {"process_id": "proc_aa6b0e1ec52c", "chunk": "  ➜  Network: http://102.208.217.192:3000/\n"}}}
{"jsonrpc": "2.0", "method": "event", "params": {"type": "preview.open", "session_id": "", "payload": {"url": "http://localhost:3000/", "label": ""}}}
⚡ Interrupted during API call.
⚡ Interrupted during API call.
🔄 Switched to fallback model: deepseek-ai/deepseek-coder-6.7b-instruct via nvidia → openrouter/free via openrouter
⚡ Interrupted during API call.
{"jsonrpc": "2.0", "method": "event", "params": {"type": "agent.terminal.output", "session_id": "", "payload": {"process_id": "proc_aa6b0e1ec52c", "chunk": "11:16:24 AM [vite] page reload src/main.tsx\n"}}}
⚡ Interrupted during API call.
{"jsonrpc": "2.0", "method": "event", "params": {"type": "agent.terminal.output", "session_id": "", "payload": {"process_id": "proc_aa6b0e1ec52c", "chunk": "11:25:56 AM [vite] changed tsconfig file detected: /root/tldraw-app/tsconfig.node.json - Clearing cache and forcing full-reload to ensure TypeScript is compiled with updated config values.\n"}}}
{"jsonrpc": "2.0", "method": "event", "params": {"type": "agent.terminal.output", "session_id": "", "payload": {"process_id": "proc_aa6b0e1ec52c", "chunk": "11:25:56 AM [vite] changed tsconfig file detected: /root/tldraw-app/tsconfig.json - Clearing cache and forcing full-reload to ensure TypeScript is compiled with updated config values.\n"}}}
{"jsonrpc": "2.0", "method": "event", "params": {"type": "agent.terminal.output", "session_id": "", "payload": {"process_id": "proc_aa6b0e1ec52c", "chunk": "11:25:56 AM [vite] vite.config.ts changed, restarting server...\n"}}}
{"jsonrpc": "2.0", "method": "event", "params": {"type": "agent.terminal.output", "session_id": "", "payload": {"process_id": "proc_aa6b0e1ec52c", "chunk": "11:25:56 AM [vite] page reload src/main.tsx\n"}}}
{"jsonrpc": "2.0", "method": "event", "params": {"type": "agent.terminal.output", "session_id": "", "payload": {"process_id": "proc_aa6b0e1ec52c", "chunk": "11:25:56 AM [vite] hmr update /src/App.tsx\n"}}}
{"jsonrpc": "2.0", "method": "event", "params": {"type": "agent.terminal.output", "session_id": "", "payload": {"process_id": "proc_aa6b0e1ec52c", "chunk": "11:25:56 AM [vite] page reload index.html\n"}}}
{"jsonrpc": "2.0", "method": "event", "params": {"type": "agent.terminal.output", "session_id": "", "payload": {"process_id": "proc_aa6b0e1ec52c", "chunk": "11:25:56 AM [vite] server restarted.\n\n"}}}
{"jsonrpc": "2.0", "method": "event", "params": {"type": "agent.terminal.output", "session_id": "", "payload": {"process_id": "proc_aa6b0e1ec52c", "chunk": "  ➜  Local:   http://localhost:3000/\n"}}}
{"jsonrpc": "2.0", "method": "event", "params": {"type": "agent.terminal.output", "session_id": "", "payload": {"process_id": "proc_aa6b0e1ec52c", "chunk": "  ➜  Network: use --host to expose\n"}}}
{"jsonrpc": "2.0", "method": "event", "params": {"type": "agent.terminal.output", "session_id": "", "payload": {"process_id": "proc_aa6b0e1ec52c", "chunk": "(!) Could not auto-determine entry point from rollupOptions or html files and there are no explicit optimizeDeps.include patterns. Skipping dependency pre-bundling.\n"}}}
{"jsonrpc": "2.0", "method": "event", "params": {"type": "agent.terminal.output", "session_id": "", "payload": {"process_id": "proc_aa6b0e1ec52c", "chunk": "bash: [1380393: 1 (255)] tcsetattr: Inappropriate ioctl for device\n"}}}
⚡ Interrupted during API call.
⚡ Interrupted during API call.
⚡ Interrupted during API call.

✨ cua-driver v0.19.2 is available (you have v0.19.0).
   Update with: cua-driver update
   Release notes: https://github.com/trycua/cua/releases/tag/cua-driver-rs-v0.19.2

{"jsonrpc": "2.0", "method": "event", "params": {"type": "session.reclaimed", "session_id": "", "payload": {"session_id": "3fd1f715", "stored_session_id": "20260810_102018_787fdd", "reason": "ws_orphan_reap"}}}
{"jsonrpc": "2.0", "method": "event", "params": {"type": "session.reclaimed", "session_id": "", "payload": {"session_id": "48f1ebb9", "stored_session_id": "20260810_104704_8f6721", "reason": "ws_orphan_reap"}}}
{"jsonrpc": "2.0", "method": "event", "params": {"type": "session.reclaimed", "session_id": "", "payload": {"session_id": "b4b5c1ed", "stored_session_id": "20260810_112550_7d53d4", "reason": "ws_orphan_reap"}}}
{"jsonrpc": "2.0", "method": "event", "params": {"type": "session.reclaimed", "session_id": "", "payload": {"session_id": "751ebbb7", "stored_session_id": "20260810_112758_ca7eda", "reason": "ws_orphan_reap"}}}
{"jsonrpc": "2.0", "method": "event", "params": {"type": "session.reclaimed", "session_id": "", "payload": {"session_id": "dc82a6f0", "stored_session_id": "20260810_113906_8c8987", "reason": "ws_orphan_reap"}}}
{"jsonrpc": "2.0", "method": "event", "params": {"type": "session.reclaimed", "session_id": "", "payload": {"session_id": "04a54980", "stored_session_id": "20260810_114101_f80b76", "reason": "ws_orphan_reap"}}}
{"jsonrpc": "2.0", "method": "event", "params": {"type": "session.reclaimed", "session_id": "", "payload": {"session_id": "ce566601", "stored_session_id": "20260810_121404_bf5e47", "reason": "ws_orphan_reap"}}}
{"jsonrpc": "2.0", "method": "event", "params": {"type": "sessions.changed", "session_id": "", "payload": {}}}
{"jsonrpc": "2.0", "method": "event", "params": {"type": "sessions.changed", "session_id": "", "payload": {}}}
{"jsonrpc": "2.0", "method": "event", "params": {"type": "cron.changed", "session_id": "", "payload": {}}}
{"jsonrpc": "2.0", "method": "event", "params": {"type": "cron.changed", "session_id": "", "payload": {}}}
{"jsonrpc": "2.0", "method": "event", "params": {"type": "sessions.changed", "session_id": "", "payload": {}}}
{"jsonrpc": "2.0", "method": "event", "params": {"type": "sessions.changed", "session_id": "", "payload": {}}}
{"jsonrpc": "2.0", "method": "event", "params": {"type": "cron.changed", "session_id": "", "payload": {}}}
{"jsonrpc": "2.0", "method": "event", "params": {"type": "sessions.changed", "session_id": "", "payload": {}}}
{"jsonrpc": "2.0", "method": "event", "params": {"type": "sessions.changed", "session_id": "", "payload": {}}}
{"jsonrpc": "2.0", "method": "event", "params": {"type": "cron.changed", "session_id": "", "payload": {}}}
{"jsonrpc": "2.0", "method": "event", "params": {"type": "sessions.changed", "session_id": "", "payload": {}}}
{"jsonrpc": "2.0", "method": "event", "params": {"type": "sessions.changed", "session_id": "", "payload": {}}}
{"jsonrpc": "2.0", "method": "event", "params": {"type": "cron.changed", "session_id": "", "payload": {}}}
{"jsonrpc": "2.0", "method": "event", "params": {"type": "sessions.changed", "session_id": "", "payload": {}}}
{"jsonrpc": "2.0", "method": "event", "params": {"type": "sessions.changed", "session_id": "", "payload": {}}}
{"jsonrpc": "2.0", "method": "event", "params": {"type": "cron.changed", "session_id": "", "payload": {}}}
{"jsonrpc": "2.0", "method": "event", "params": {"type": "sessions.changed", "session_id": "", "payload": {}}}
{"jsonrpc": "2.0", "method": "event", "params": {"type": "sessions.changed", "session_id": "", "payload": {}}}
{"jsonrpc": "2.0", "method": "event", "params": {"type": "cron.changed", "session_id": "", "payload": {}}}
{"jsonrpc": "2.0", "method": "event", "params": {"type": "sessions.changed", "session_id": "", "payload": {}}}
{"jsonrpc": "2.0", "method": "event", "params": {"type": "sessions.changed", "session_id": "", "payload": {}}}
{"jsonrpc": "2.0", "method": "event", "params": {"type": "cron.changed", "session_id": "", "payload": {}}}
{"jsonrpc": "2.0", "method": "event", "params": {"type": "sessions.changed", "session_id": "", "payload": {}}}
{"jsonrpc": "2.0", "method": "event", "params": {"type": "sessions.changed", "session_id": "", "payload": {}}}
{"jsonrpc": "2.0", "method": "event", "params": {"type": "cron.changed", "session_id": "", "payload": {}}}
{"jsonrpc": "2.0", "method": "event", "params": {"type": "sessions.changed", "session_id": "", "payload": {}}}
{"jsonrpc": "2.0", "method": "event", "params": {"type": "sessions.changed", "session_id": "", "payload": {}}}
{"jsonrpc": "2.0", "method": "event", "params": {"type": "sessions.changed", "session_id": "", "payload": {}}}
{"jsonrpc": "2.0", "method": "event", "params": {"type": "sessions.changed", "session_id": "", "payload": {}}}
{"jsonrpc": "2.0", "method": "event", "params": {"type": "sessions.changed", "session_id": "", "payload": {}}}
{"jsonrpc": "2.0", "method": "event", "params": {"type": "cron.changed", "session_id": "", "payload": {}}}
{"jsonrpc": "2.0", "method": "event", "params": {"type": "cron.changed", "session_id": "", "payload": {}}}
{"jsonrpc": "2.0", "method": "event", "params": {"type": "sessions.changed", "session_id": "", "payload": {}}}
{"jsonrpc": "2.0", "method": "event", "params": {"type": "sessions.changed", "session_id": "", "payload": {}}}
{"jsonrpc": "2.0", "method": "event", "params": {"type": "cron.changed", "session_id": "", "payload": {}}}
{"jsonrpc": "2.0", "method": "event", "params": {"type": "sessions.changed", "session_id": "", "payload": {}}}
{"jsonrpc": "2.0", "method": "event", "params": {"type": "sessions.changed", "session_id": "", "payload": {}}}
{"jsonrpc": "2.0", "method": "event", "params": {"type": "cron.changed", "session_id": "", "payload": {}}}
{"jsonrpc": "2.0", "method": "event", "params": {"type": "sessions.changed", "session_id": "", "payload": {}}}
{"jsonrpc": "2.0", "method": "event", "params": {"type": "sessions.changed", "session_id": "", "payload": {}}}
{"jsonrpc": "2.0", "method": "event", "params": {"type": "cron.changed", "session_id": "", "payload": {}}}
{"jsonrpc": "2.0", "method": "event", "params": {"type": "cron.changed", "session_id": "", "payload": {}}}
{"jsonrpc": "2.0", "method": "event", "params": {"type": "sessions.changed", "session_id": "", "payload": {}}}
{"jsonrpc": "2.0", "method": "event", "params": {"type": "sessions.changed", "session_id": "", "payload": {}}}
{"jsonrpc": "2.0", "method": "event", "params": {"type": "cron.changed", "session_id": "", "payload": {}}}
{"jsonrpc": "2.0", "method": "event", "params": {"type": "sessions.changed", "session_id": "", "payload": {}}}
{"jsonrpc": "2.0", "method": "event", "params": {"type": "sessions.changed", "session_id": "", "payload": {}}}
{"jsonrpc": "2.0", "method": "event", "params": {"type": "sessions.changed", "session_id": "", "payload": {}}}
{"jsonrpc": "2.0", "method": "event", "params": {"type": "cron.changed", "session_id": "", "payload": {}}}
{"jsonrpc": "2.0", "method": "event", "params": {"type": "sessions.changed", "session_id": "", "payload": {}}}
{"jsonrpc": "2.0", "method": "event", "params": {"type": "sessions.changed", "session_id": "", "payload": {}}}
{"jsonrpc": "2.0", "method": "event", "params": {"type": "cron.changed", "session_id": "", "payload": {}}}
{"jsonrpc": "2.0", "method": "event", "params": {"type": "cron.changed", "session_id": "", "payload": {}}}
{"jsonrpc": "2.0", "method": "event", "params": {"type": "sessions.changed", "session_id": "", "payload": {}}}
{"jsonrpc": "2.0", "method": "event", "params": {"type": "sessions.changed", "session_id": "", "payload": {}}}
{"jsonrpc": "2.0", "method": "event", "params": {"type": "cron.changed", "session_id": "", "payload": {}}}
{"jsonrpc": "2.0", "method": "event", "params": {"type": "sessions.changed", "session_id": "", "payload": {}}}
{"jsonrpc": "2.0", "method": "event", "params": {"type": "sessions.changed", "session_id": "", "payload": {}}}
{"jsonrpc": "2.0", "method": "event", "params": {"type": "cron.changed", "session_id": "", "payload": {}}}
{"jsonrpc": "2.0", "method": "event", "params": {"type": "sessions.changed", "session_id": "", "payload": {}}}
{"jsonrpc": "2.0", "method": "event", "params": {"type": "sessions.changed", "session_id": "", "payload": {}}}
{"jsonrpc": "2.0", "method": "event", "params": {"type": "cron.changed", "session_id": "", "payload": {}}}
{"jsonrpc": "2.0", "method": "event", "params": {"type": "cron.changed", "session_id": "", "payload": {}}}
{"jsonrpc": "2.0", "method": "event", "params": {"type": "cron.changed", "session_id": "", "payload": {}}}
{"jsonrpc": "2.0", "method": "event", "params": {"type": "sessions.changed", "session_id": "", "payload": {}}}
⚡ Interrupted during API call.
⚡ Interrupted during API call.
⚡ Interrupted during API call.
⚡ Interrupted during API call.
  💾 Self-improvement review: User profile updated
⚠️  API call failed (attempt 1/3): GeminiAPIError [HTTP 429]
   🔌 Provider: gemini  Model: gemini-3.6-flash
   🌐 Endpoint: https://generativelanguage.googleapis.com/v1beta
   📝 Error: Gemini HTTP 429 (RESOURCE_EXHAUSTED): You exceeded your current quota, please check your plan and billing details. For more information on this error, head to: https://ai.google.dev/gemini-api/docs/rate-limits. To monitor your current usage, head to: https://ai.dev/rate-limit. 
* Quota exceeded for metric: generativelanguage.googleapis.com/generate_content_free_tier_requests, limit: 20, model: gemini-3.6-flash
Please retry in 29.243751557s.

Your Google API key is on the free tier (a few hundred requests/day for Gemini Flash models). Hermes typically makes 3-10 API calls per user turn, so the free tier is exhausted in a handful of messages and cannot sustain an agent session. Enable billing on your Google Cloud project and regenerate the key in a billing-enabled project: https://aistudio.google.com/apikey
   ⏱️  Elapsed: 1.14s  Context: 30 msgs, ~25,996 tokens
⚠️ Rate limited — switching to fallback provider...
🔄 Primary model failed — switching to fallback: openrouter/free via openrouter
⚠️  API call failed (attempt 1/3): RateLimitError [HTTP 429]
   🔌 Provider: openrouter  Model: openrouter/free
   🌐 Endpoint: https://openrouter.ai/api/v1/
   📝 Error: HTTP 429: Rate limit exceeded: free-models-per-day. Add 10 credits to unlock 1000 free model requests per day
   📋 Details: {'message': 'Rate limit exceeded: free-models-per-day. Add 10 credits to unlock 1000 free model requests per day', 'code': 429, 'metadata': {'headers': {'X-RateLimit-Limit': '50', 'X-RateLimit-Remaining': '0', 'X-RateLimit-Reset': '1786406400000'}, 'limit_source': 'openrouter_free_tier_daily', 'reme
   ⏱️  Elapsed: 1.99s  Context: 30 msgs, ~25,996 tokens
⏱️ Rate limited. Waiting 2.6s (attempt 2/3)...
⚠️  API call failed (attempt 2/3): RateLimitError [HTTP 429]
   🔌 Provider: openrouter  Model: openrouter/free
   🌐 Endpoint: https://openrouter.ai/api/v1/
   📝 Error: HTTP 429: Rate limit exceeded: free-models-per-day. Add 10 credits to unlock 1000 free model requests per day
   📋 Details: {'message': 'Rate limit exceeded: free-models-per-day. Add 10 credits to unlock 1000 free model requests per day', 'code': 429, 'metadata': {'headers': {'X-RateLimit-Limit': '50', 'X-RateLimit-Remaining': '0', 'X-RateLimit-Reset': '1786406400000'}, 'limit_source': 'openrouter_free_tier_daily', 'reme
   ⏱️  Elapsed: 5.07s  Context: 30 msgs, ~25,996 tokens
⏱️ Rate limited. Waiting 5.1s (attempt 3/3)...
⚠️  API call failed (attempt 3/3): RateLimitError [HTTP 429]
   🔌 Provider: openrouter  Model: openrouter/free
   🌐 Endpoint: https://openrouter.ai/api/v1/
   📝 Error: HTTP 429: Rate limit exceeded: free-models-per-day. Add 10 credits to unlock 1000 free model requests per day
   📋 Details: {'message': 'Rate limit exceeded: free-models-per-day. Add 10 credits to unlock 1000 free model requests per day', 'code': 429, 'metadata': {'headers': {'X-RateLimit-Limit': '50', 'X-RateLimit-Remaining': '0', 'X-RateLimit-Reset': '1786406400000'}, 'limit_source': 'openrouter_free_tier_daily', 'reme
   ⏱️  Elapsed: 10.59s  Context: 30 msgs, ~25,996 tokens
❌ Rate limited after 3 retries — HTTP 429: Rate limit exceeded: free-models-per-day. Add 10 credits to unlock 1000 free model requests per day
   💀 Final error: HTTP 429: Rate limit exceeded: free-models-per-day. Add 10 credits to unlock 1000 free model requests per day
{"jsonrpc": "2.0", "method": "event", "params": {"type": "session.reclaimed", "session_id": "", "payload": {"session_id": "37118122", "stored_session_id": "20260810_121404_bf5e47", "reason": "ws_orphan_reap"}}}
{"jsonrpc": "2.0", "method": "event", "params": {"type": "session.reclaimed", "session_id": "", "payload": {"session_id": "4dc27ee5", "stored_session_id": "20260810_141327_2fcd0d", "reason": "ws_orphan_reap"}}}
{"jsonrpc": "2.0", "method": "event", "params": {"type": "sessions.changed", "session_id": "", "payload": {}}}
{"jsonrpc": "2.0", "method": "event", "params": {"type": "session.reclaimed", "session_id": "", "payload": {"session_id": "cfb558e0", "stored_session_id": "20260810_152402_14cc10", "reason": "ws_orphan_reap"}}}
{"jsonrpc": "2.0", "method": "event", "params": {"type": "sessions.changed", "session_id": "", "payload": {}}}
{"jsonrpc": "2.0", "method": "event", "params": {"type": "sessions.changed", "session_id": "", "payload": {}}}
{"jsonrpc": "2.0", "method": "event", "params": {"type": "sessions.changed", "session_id": "", "payload": {}}}
{"jsonrpc": "2.0", "method": "event", "params": {"type": "cron.changed", "session_id": "", "payload": {}}}
{"jsonrpc": "2.0", "method": "event", "params": {"type": "sessions.changed", "session_id": "", "payload": {}}}
{"jsonrpc": "2.0", "method": "event", "params": {"type": "sessions.changed", "session_id": "", "payload": {}}}
{"jsonrpc": "2.0", "method": "event", "params": {"type": "sessions.changed", "session_id": "", "payload": {}}}
{"jsonrpc": "2.0", "method": "event", "params": {"type": "sessions.changed", "session_id": "", "payload": {}}}
{"jsonrpc": "2.0", "method": "event", "params": {"type": "cron.changed", "session_id": "", "payload": {}}}
{"jsonrpc": "2.0", "method": "event", "params": {"type": "cron.changed", "session_id": "", "payload": {}}}
{"jsonrpc": "2.0", "method": "event", "params": {"type": "sessions.changed", "session_id": "", "payload": {}}}
{"jsonrpc": "2.0", "method": "event", "params": {"type": "sessions.changed", "session_id": "", "payload": {}}}
{"jsonrpc": "2.0", "method": "event", "params": {"type": "cron.changed", "session_id": "", "payload": {}}}
{"jsonrpc": "2.0", "method": "event", "params": {"type": "sessions.changed", "session_id": "", "payload": {}}}
{"jsonrpc": "2.0", "method": "event", "params": {"type": "sessions.changed", "session_id": "", "payload": {}}}
{"jsonrpc": "2.0", "method": "event", "params": {"type": "cron.changed", "session_id": "", "payload": {}}}
{"jsonrpc": "2.0", "method": "event", "params": {"type": "sessions.changed", "session_id": "", "payload": {}}}
{"jsonrpc": "2.0", "method": "event", "params": {"type": "sessions.changed", "session_id": "", "payload": {}}}
{"jsonrpc": "2.0", "method": "event", "params": {"type": "cron.changed", "session_id": "", "payload": {}}}
{"jsonrpc": "2.0", "method": "event", "params": {"type": "sessions.changed", "session_id": "", "payload": {}}}
{"jsonrpc": "2.0", "method": "event", "params": {"type": "sessions.changed", "session_id": "", "payload": {}}}
{"jsonrpc": "2.0", "method": "event", "params": {"type": "cron.changed", "session_id": "", "payload": {}}}
{"jsonrpc": "2.0", "method": "event", "params": {"type": "sessions.changed", "session_id": "", "payload": {}}}
{"jsonrpc": "2.0", "method": "event", "params": {"type": "sessions.changed", "session_id": "", "payload": {}}}
{"jsonrpc": "2.0", "method": "event", "params": {"type": "cron.changed", "session_id": "", "payload": {}}}
{"jsonrpc": "2.0", "method": "event", "params": {"type": "sessions.changed", "session_id": "", "payload": {}}}
{"jsonrpc": "2.0", "method": "event", "params": {"type": "sessions.changed", "session_id": "", "payload": {}}}
{"jsonrpc": "2.0", "method": "event", "params": {"type": "cron.changed", "session_id": "", "payload": {}}}
{"jsonrpc": "2.0", "method": "event", "params": {"type": "sessions.changed", "session_id": "", "payload": {}}}
{"jsonrpc": "2.0", "method": "event", "params": {"type": "platforms.changed", "session_id": "", "payload": {}}}
{"jsonrpc": "2.0", "method": "event", "params": {"type": "sessions.changed", "session_id": "", "payload": {}}}
{"jsonrpc": "2.0", "method": "event", "params": {"type": "platforms.changed", "session_id": "", "payload": {}}}
{"jsonrpc": "2.0", "method": "event", "params": {"type": "sessions.changed", "session_id": "", "payload": {}}}
{"jsonrpc": "2.0", "method": "event", "params": {"type": "sessions.changed", "session_id": "", "payload": {}}}
{"jsonrpc": "2.0", "method": "event", "params": {"type": "platforms.changed", "session_id": "", "payload": {}}}
{"jsonrpc": "2.0", "method": "event", "params": {"type": "sessions.changed", "session_id": "", "payload": {}}}
{"jsonrpc": "2.0", "method": "event", "params": {"type": "sessions.changed", "session_id": "", "payload": {}}}
{"jsonrpc": "2.0", "method": "event", "params": {"type": "sessions.changed", "session_id": "", "payload": {}}}
{"jsonrpc": "2.0", "method": "event", "params": {"type": "cron.changed", "session_id": "", "payload": {}}}
{"jsonrpc": "2.0", "method": "event", "params": {"type": "sessions.changed", "session_id": "", "payload": {}}}
{"jsonrpc": "2.0", "method": "event", "params": {"type": "sessions.changed", "session_id": "", "payload": {}}}
{"jsonrpc": "2.0", "method": "event", "params": {"type": "cron.changed", "session_id": "", "payload": {}}}
{"jsonrpc": "2.0", "method": "event", "params": {"type": "cron.changed", "session_id": "", "payload": {}}}
{"jsonrpc": "2.0", "method": "event", "params": {"type": "sessions.changed", "session_id": "", "payload": {}}}
{"jsonrpc": "2.0", "method": "event", "params": {"type": "sessions.changed", "session_id": "", "payload": {}}}
{"jsonrpc": "2.0", "method": "event", "params": {"type": "cron.changed", "session_id": "", "payload": {}}}
{"jsonrpc": "2.0", "method": "event", "params": {"type": "platforms.changed", "session_id": "", "payload": {}}}
{"jsonrpc": "2.0", "method": "event", "params": {"type": "sessions.changed", "session_id": "", "payload": {}}}
{"jsonrpc": "2.0", "method": "event", "params": {"type": "sessions.changed", "session_id": "", "payload": {}}}
{"jsonrpc": "2.0", "method": "event", "params": {"type": "sessions.changed", "session_id": "", "payload": {}}}
{"jsonrpc": "2.0", "method": "event", "params": {"type": "platforms.changed", "session_id": "", "payload": {}}}
{"jsonrpc": "2.0", "method": "event", "params": {"type": "sessions.changed", "session_id": "", "payload": {}}}
{"jsonrpc": "2.0", "method": "event", "params": {"type": "sessions.changed", "session_id": "", "payload": {}}}
{"jsonrpc": "2.0", "method": "event", "params": {"type": "sessions.changed", "session_id": "", "payload": {}}}
{"jsonrpc": "2.0", "method": "event", "params": {"type": "platforms.changed", "session_id": "", "payload": {}}}
{"jsonrpc": "2.0", "method": "event", "params": {"type": "sessions.changed", "session_id": "", "payload": {}}}
{"jsonrpc": "2.0", "method": "event", "params": {"type": "sessions.changed", "session_id": "", "payload": {}}}
{"jsonrpc": "2.0", "method": "event", "params": {"type": "cron.changed", "session_id": "", "payload": {}}}
{"jsonrpc": "2.0", "method": "event", "params": {"type": "sessions.changed", "session_id": "", "payload": {}}}
{"jsonrpc": "2.0", "method": "event", "params": {"type": "platforms.changed", "session_id": "", "payload": {}}}
{"jsonrpc": "2.0", "method": "event", "params": {"type": "sessions.changed", "session_id": "", "payload": {}}}
{"jsonrpc": "2.0", "method": "event", "params": {"type": "sessions.changed", "session_id": "", "payload": {}}}
{"jsonrpc": "2.0", "method": "event", "params": {"type": "sessions.changed", "session_id": "", "payload": {}}}
{"jsonrpc": "2.0", "method": "event", "params": {"type": "sessions.changed", "session_id": "", "payload": {}}}
{"jsonrpc": "2.0", "method": "event", "params": {"type": "sessions.changed", "session_id": "", "payload": {}}}
{"jsonrpc": "2.0", "method": "event", "params": {"type": "sessions.changed", "session_id": "", "payload": {}}}
{"jsonrpc": "2.0", "method": "event", "params": {"type": "platforms.changed", "session_id": "", "payload": {}}}
{"jsonrpc": "2.0", "method": "event", "params": {"type": "sessions.changed", "session_id": "", "payload": {}}}
{"jsonrpc": "2.0", "method": "event", "params": {"type": "sessions.changed", "session_id": "", "payload": {}}}
{"jsonrpc": "2.0", "method": "event", "params": {"type": "platforms.changed", "session_id": "", "payload": {}}}
{"jsonrpc": "2.0", "method": "event", "params": {"type": "sessions.changed", "session_id": "", "payload": {}}}
{"jsonrpc": "2.0", "method": "event", "params": {"type": "sessions.changed", "session_id": "", "payload": {}}}
{"jsonrpc": "2.0", "method": "event", "params": {"type": "sessions.changed", "session_id": "", "payload": {}}}
{"jsonrpc": "2.0", "method": "event", "params": {"type": "sessions.changed", "session_id": "", "payload": {}}}
{"jsonrpc": "2.0", "method": "event", "params": {"type": "sessions.changed", "session_id": "", "payload": {}}}
{"jsonrpc": "2.0", "method": "event", "params": {"type": "sessions.changed", "session_id": "", "payload": {}}}
{"jsonrpc": "2.0", "method": "event", "params": {"type": "sessions.changed", "session_id": "", "payload": {}}}
{"jsonrpc": "2.0", "method": "event", "params": {"type": "cron.changed", "session_id": "", "payload": {}}}
{"jsonrpc": "2.0", "method": "event", "params": {"type": "sessions.changed", "session_id": "", "payload": {}}}
{"jsonrpc": "2.0", "method": "event", "params": {"type": "sessions.changed", "session_id": "", "payload": {}}}
{"jsonrpc": "2.0", "method": "event", "params": {"type": "sessions.changed", "session_id": "", "payload": {}}}
{"jsonrpc": "2.0", "method": "event", "params": {"type": "sessions.changed", "session_id": "", "payload": {}}}
{"jsonrpc": "2.0", "method": "event", "params": {"type": "sessions.changed", "session_id": "", "payload": {}}}
{"jsonrpc": "2.0", "method": "event", "params": {"type": "sessions.changed", "session_id": "", "payload": {}}}
{"jsonrpc": "2.0", "method": "event", "params": {"type": "sessions.changed", "session_id": "", "payload": {}}}
{"jsonrpc": "2.0", "method": "event", "params": {"type": "sessions.changed", "session_id": "", "payload": {}}}
{"jsonrpc": "2.0", "method": "event", "params": {"type": "sessions.changed", "session_id": "", "payload": {}}}
{"jsonrpc": "2.0", "method": "event", "params": {"type": "sessions.changed", "session_id": "", "payload": {}}}
{"jsonrpc": "2.0", "method": "event", "params": {"type": "sessions.changed", "session_id": "", "payload": {}}}
{"jsonrpc": "2.0", "method": "event", "params": {"type": "sessions.changed", "session_id": "", "payload": {}}}
{"jsonrpc": "2.0", "method": "event", "params": {"type": "cron.changed", "session_id": "", "payload": {}}}
{"jsonrpc": "2.0", "method": "event", "params": {"type": "sessions.changed", "session_id": "", "payload": {}}}
{"jsonrpc": "2.0", "method": "event", "params": {"type": "sessions.changed", "session_id": "", "payload": {}}}
{"jsonrpc": "2.0", "method": "event", "params": {"type": "sessions.changed", "session_id": "", "payload": {}}}
{"jsonrpc": "2.0", "method": "event", "params": {"type": "sessions.changed", "session_id": "", "payload": {}}}
{"jsonrpc": "2.0", "method": "event", "params": {"type": "sessions.changed", "session_id": "", "payload": {}}}
{"jsonrpc": "2.0", "method": "event", "params": {"type": "sessions.changed", "session_id": "", "payload": {}}}
{"jsonrpc": "2.0", "method": "event", "params": {"type": "sessions.changed", "session_id": "", "payload": {}}}
{"jsonrpc": "2.0", "method": "event", "params": {"type": "sessions.changed", "session_id": "", "payload": {}}}
{"jsonrpc": "2.0", "method": "event", "params": {"type": "sessions.changed", "session_id": "", "payload": {}}}
{"jsonrpc": "2.0", "method": "event", "params": {"type": "sessions.changed", "session_id": "", "payload": {}}}
{"jsonrpc": "2.0", "method": "event", "params": {"type": "cron.changed", "session_id": "", "payload": {}}}
{"jsonrpc": "2.0", "method": "event", "params": {"type": "sessions.changed", "session_id": "", "payload": {}}}
{"jsonrpc": "2.0", "method": "event", "params": {"type": "sessions.changed", "session_id": "", "payload": {}}}
{"jsonrpc": "2.0", "method": "event", "params": {"type": "sessions.changed", "session_id": "", "payload": {}}}
{"jsonrpc": "2.0", "method": "event", "params": {"type": "sessions.changed", "session_id": "", "payload": {}}}
{"jsonrpc": "2.0", "method": "event", "params": {"type": "sessions.changed", "session_id": "", "payload": {}}}
{"jsonrpc": "2.0", "method": "event", "params": {"type": "sessions.changed", "session_id": "", "payload": {}}}
{"jsonrpc": "2.0", "method": "event", "params": {"type": "platforms.changed", "session_id": "", "payload": {}}}
{"jsonrpc": "2.0", "method": "event", "params": {"type": "sessions.changed", "session_id": "", "payload": {}}}
{"jsonrpc": "2.0", "method": "event", "params": {"type": "platforms.changed", "session_id": "", "payload": {}}}
{"jsonrpc": "2.0", "method": "event", "params": {"type": "sessions.changed", "session_id": "", "payload": {}}}
{"jsonrpc": "2.0", "method": "event", "params": {"type": "sessions.changed", "session_id": "", "payload": {}}}
{"jsonrpc": "2.0", "method": "event", "params": {"type": "cron.changed", "session_id": "", "payload": {}}}
{"jsonrpc": "2.0", "method": "event", "params": {"type": "sessions.changed", "session_id": "", "payload": {}}}
{"jsonrpc": "2.0", "method": "event", "params": {"type": "platforms.changed", "session_id": "", "payload": {}}}
{"jsonrpc": "2.0", "method": "event", "params": {"type": "sessions.changed", "session_id": "", "payload": {}}}
{"jsonrpc": "2.0", "method": "event", "params": {"type": "sessions.changed", "session_id": "", "payload": {}}}
{"jsonrpc": "2.0", "method": "event", "params": {"type": "sessions.changed", "session_id": "", "payload": {}}}
{"jsonrpc": "2.0", "method": "event", "params": {"type": "sessions.changed", "session_id": "", "payload": {}}}
{"jsonrpc": "2.0", "method": "event", "params": {"type": "sessions.changed", "session_id": "", "payload": {}}}
{"jsonrpc": "2.0", "method": "event", "params": {"type": "cron.changed", "session_id": "", "payload": {}}}
{"jsonrpc": "2.0", "method": "event", "params": {"type": "sessions.changed", "session_id": "", "payload": {}}}
{"jsonrpc": "2.0", "method": "event", "params": {"type": "sessions.changed", "session_id": "", "payload": {}}}
{"jsonrpc": "2.0", "method": "event", "params": {"type": "sessions.changed", "session_id": "", "payload": {}}}
{"jsonrpc": "2.0", "method": "event", "params": {"type": "sessions.changed", "session_id": "", "payload": {}}}
{"jsonrpc": "2.0", "method": "event", "params": {"type": "sessions.changed", "session_id": "", "payload": {}}}
{"jsonrpc": "2.0", "method": "event", "params": {"type": "sessions.changed", "session_id": "", "payload": {}}}
{"jsonrpc": "2.0", "method": "event", "params": {"type": "sessions.changed", "session_id": "", "payload": {}}}
{"jsonrpc": "2.0", "method": "event", "params": {"type": "cron.changed", "session_id": "", "payload": {}}}
{"jsonrpc": "2.0", "method": "event", "params": {"type": "cron.changed", "session_id": "", "payload": {}}}
{"jsonrpc": "2.0", "method": "event", "params": {"type": "sessions.changed", "session_id": "", "payload": {}}}
{"jsonrpc": "2.0", "method": "event", "params": {"type": "platforms.changed", "session_id": "", "payload": {}}}
{"jsonrpc": "2.0", "method": "event", "params": {"type": "sessions.changed", "session_id": "", "payload": {}}}
{"jsonrpc": "2.0", "method": "event", "params": {"type": "sessions.changed", "session_id": "", "payload": {}}}
{"jsonrpc": "2.0", "method": "event", "params": {"type": "sessions.changed", "session_id": "", "payload": {}}}
{"jsonrpc": "2.0", "method": "event", "params": {"type": "cron.changed", "session_id": "", "payload": {}}}
{"jsonrpc": "2.0", "method": "event", "params": {"type": "sessions.changed", "session_id": "", "payload": {}}}
{"jsonrpc": "2.0", "method": "event", "params": {"type": "sessions.changed", "session_id": "", "payload": {}}}
{"jsonrpc": "2.0", "method": "event", "params": {"type": "cron.changed", "session_id": "", "payload": {}}}
{"jsonrpc": "2.0", "method": "event", "params": {"type": "sessions.changed", "session_id": "", "payload": {}}}
{"jsonrpc": "2.0", "method": "event", "params": {"type": "sessions.changed", "session_id": "", "payload": {}}}
{"jsonrpc": "2.0", "method": "event", "params": {"type": "cron.changed", "session_id": "", "payload": {}}}
{"jsonrpc": "2.0", "method": "event", "params": {"type": "sessions.changed", "session_id": "", "payload": {}}}
{"jsonrpc": "2.0", "method": "event", "params": {"type": "sessions.changed", "session_id": "", "payload": {}}}
{"jsonrpc": "2.0", "method": "event", "params": {"type": "cron.changed", "session_id": "", "payload": {}}}
{"jsonrpc": "2.0", "method": "event", "params": {"type": "sessions.changed", "session_id": "", "payload": {}}}
{"jsonrpc": "2.0", "method": "event", "params": {"type": "sessions.changed", "session_id": "", "payload": {}}}
{"jsonrpc": "2.0", "method": "event", "params": {"type": "cron.changed", "session_id": "", "payload": {}}}
{"jsonrpc": "2.0", "method": "event", "params": {"type": "sessions.changed", "session_id": "", "payload": {}}}
{"jsonrpc": "2.0", "method": "event", "params": {"type": "sessions.changed", "session_id": "", "payload": {}}}
{"jsonrpc": "2.0", "method": "event", "params": {"type": "cron.changed", "session_id": "", "payload": {}}}
{"jsonrpc": "2.0", "method": "event", "params": {"type": "cron.changed", "session_id": "", "payload": {}}}
{"jsonrpc": "2.0", "method": "event", "params": {"type": "sessions.changed", "session_id": "", "payload": {}}}
{"jsonrpc": "2.0", "method": "event", "params": {"type": "sessions.changed", "session_id": "", "payload": {}}}
{"jsonrpc": "2.0", "method": "event", "params": {"type": "cron.changed", "session_id": "", "payload": {}}}
{"jsonrpc": "2.0", "method": "event", "params": {"type": "cron.changed", "session_id": "", "payload": {}}}
{"jsonrpc": "2.0", "method": "event", "params": {"type": "sessions.changed", "session_id": "", "payload": {}}}
{"jsonrpc": "2.0", "method": "event", "params": {"type": "sessions.changed", "session_id": "", "payload": {}}}
{"jsonrpc": "2.0", "method": "event", "params": {"type": "cron.changed", "session_id": "", "payload": {}}}
{"jsonrpc": "2.0", "method": "event", "params": {"type": "sessions.changed", "session_id": "", "payload": {}}}
{"jsonrpc": "2.0", "method": "event", "params": {"type": "sessions.changed", "session_id": "", "payload": {}}}
{"jsonrpc": "2.0", "method": "event", "params": {"type": "sessions.changed", "session_id": "", "payload": {}}}
{"jsonrpc": "2.0", "method": "event", "params": {"type": "sessions.changed", "session_id": "", "payload": {}}}
{"jsonrpc": "2.0", "method": "event", "params": {"type": "cron.changed", "session_id": "", "payload": {}}}
{"jsonrpc": "2.0", "method": "event", "params": {"type": "sessions.changed", "session_id": "", "payload": {}}}
{"jsonrpc": "2.0", "method": "event", "params": {"type": "sessions.changed", "session_id": "", "payload": {}}}
{"jsonrpc": "2.0", "method": "event", "params": {"type": "cron.changed", "session_id": "", "payload": {}}}
{"jsonrpc": "2.0", "method": "event", "params": {"type": "sessions.changed", "session_id": "", "payload": {}}}
{"jsonrpc": "2.0", "method": "event", "params": {"type": "sessions.changed", "session_id": "", "payload": {}}}
{"jsonrpc": "2.0", "method": "event", "params": {"type": "cron.changed", "session_id": "", "payload": {}}}
{"jsonrpc": "2.0", "method": "event", "params": {"type": "sessions.changed", "session_id": "", "payload": {}}}
{"jsonrpc": "2.0", "method": "event", "params": {"type": "sessions.changed", "session_id": "", "payload": {}}}
{"jsonrpc": "2.0", "method": "event", "params": {"type": "cron.changed", "session_id": "", "payload": {}}}
{"jsonrpc": "2.0", "method": "event", "params": {"type": "cron.changed", "session_id": "", "payload": {}}}
{"jsonrpc": "2.0", "method": "event", "params": {"type": "sessions.changed", "session_id": "", "payload": {}}}
{"jsonrpc": "2.0", "method": "event", "params": {"type": "sessions.changed", "session_id": "", "payload": {}}}
{"jsonrpc": "2.0", "method": "event", "params": {"type": "cron.changed", "session_id": "", "payload": {}}}
{"jsonrpc": "2.0", "method": "event", "params": {"type": "sessions.changed", "session_id": "", "payload": {}}}
{"jsonrpc": "2.0", "method": "event", "params": {"type": "sessions.changed", "session_id": "", "payload": {}}}
{"jsonrpc": "2.0", "method": "event", "params": {"type": "sessions.changed", "session_id": "", "payload": {}}}
{"jsonrpc": "2.0", "method": "event", "params": {"type": "cron.changed", "session_id": "", "payload": {}}}
{"jsonrpc": "2.0", "method": "event", "params": {"type": "sessions.changed", "session_id": "", "payload": {}}}
{"jsonrpc": "2.0", "method": "event", "params": {"type": "sessions.changed", "session_id": "", "payload": {}}}
{"jsonrpc": "2.0", "method": "event", "params": {"type": "cron.changed", "session_id": "", "payload": {}}}
{"jsonrpc": "2.0", "method": "event", "params": {"type": "sessions.changed", "session_id": "", "payload": {}}}
{"jsonrpc": "2.0", "method": "event", "params": {"type": "sessions.changed", "session_id": "", "payload": {}}}
{"jsonrpc": "2.0", "method": "event", "params": {"type": "cron.changed", "session_id": "", "payload": {}}}
{"jsonrpc": "2.0", "method": "event", "params": {"type": "sessions.changed", "session_id": "", "payload": {}}}
{"jsonrpc": "2.0", "method": "event", "params": {"type": "sessions.changed", "session_id": "", "payload": {}}}
{"jsonrpc": "2.0", "method": "event", "params": {"type": "cron.changed", "session_id": "", "payload": {}}}
{"jsonrpc": "2.0", "method": "event", "params": {"type": "sessions.changed", "session_id": "", "payload": {}}}
{"jsonrpc": "2.0", "method": "event", "params": {"type": "sessions.changed", "session_id": "", "payload": {}}}
{"jsonrpc": "2.0", "method": "event", "params": {"type": "cron.changed", "session_id": "", "payload": {}}}
{"jsonrpc": "2.0", "method": "event", "params": {"type": "sessions.changed", "session_id": "", "payload": {}}}
{"jsonrpc": "2.0", "method": "event", "params": {"type": "sessions.changed", "session_id": "", "payload": {}}}
{"jsonrpc": "2.0", "method": "event", "params": {"type": "cron.changed", "session_id": "", "payload": {}}}
{"jsonrpc": "2.0", "method": "event", "params": {"type": "sessions.changed", "session_id": "", "payload": {}}}
{"jsonrpc": "2.0", "method": "event", "params": {"type": "cron.changed", "session_id": "", "payload": {}}}
{"jsonrpc": "2.0", "method": "event", "params": {"type": "sessions.changed", "session_id": "", "payload": {}}}
{"jsonrpc": "2.0", "method": "event", "params": {"type": "sessions.changed", "session_id": "", "payload": {}}}
{"jsonrpc": "2.0", "method": "event", "params": {"type": "sessions.changed", "session_id": "", "payload": {}}}
{"jsonrpc": "2.0", "method": "event", "params": {"type": "sessions.changed", "session_id": "", "payload": {}}}
{"jsonrpc": "2.0", "method": "event", "params": {"type": "cron.changed", "session_id": "", "payload": {}}}
{"jsonrpc": "2.0", "method": "event", "params": {"type": "sessions.changed", "session_id": "", "payload": {}}}
{"jsonrpc": "2.0", "method": "event", "params": {"type": "sessions.changed", "session_id": "", "payload": {}}}
{"jsonrpc": "2.0", "method": "event", "params": {"type": "cron.changed", "session_id": "", "payload": {}}}
{"jsonrpc": "2.0", "method": "event", "params": {"type": "sessions.changed", "session_id": "", "payload": {}}}
{"jsonrpc": "2.0", "method": "event", "params": {"type": "sessions.changed", "session_id": "", "payload": {}}}
{"jsonrpc": "2.0", "method": "event", "params": {"type": "cron.changed", "session_id": "", "payload": {}}}
{"jsonrpc": "2.0", "method": "event", "params": {"type": "sessions.changed", "session_id": "", "payload": {}}}
{"jsonrpc": "2.0", "method": "event", "params": {"type": "sessions.changed", "session_id": "", "payload": {}}}
{"jsonrpc": "2.0", "method": "event", "params": {"type": "cron.changed", "session_id": "", "payload": {}}}
{"jsonrpc": "2.0", "method": "event", "params": {"type": "sessions.changed", "session_id": "", "payload": {}}}
{"jsonrpc": "2.0", "method": "event", "params": {"type": "sessions.changed", "session_id": "", "payload": {}}}
{"jsonrpc": "2.0", "method": "event", "params": {"type": "cron.changed", "session_id": "", "payload": {}}}
{"jsonrpc": "2.0", "method": "event", "params": {"type": "sessions.changed", "session_id": "", "payload": {}}}
{"jsonrpc": "2.0", "method": "event", "params": {"type": "sessions.changed", "session_id": "", "payload": {}}}
{"jsonrpc": "2.0", "method": "event", "params": {"type": "cron.changed", "session_id": "", "payload": {}}}
{"jsonrpc": "2.0", "method": "event", "params": {"type": "sessions.changed", "session_id": "", "payload": {}}}
{"jsonrpc": "2.0", "method": "event", "params": {"type": "sessions.changed", "session_id": "", "payload": {}}}
{"jsonrpc": "2.0", "method": "event", "params": {"type": "cron.changed", "session_id": "", "payload": {}}}
{"jsonrpc": "2.0", "method": "event", "params": {"type": "sessions.changed", "session_id": "", "payload": {}}}
{"jsonrpc": "2.0", "method": "event", "params": {"type": "sessions.changed", "session_id": "", "payload": {}}}
{"jsonrpc": "2.0", "method": "event", "params": {"type": "cron.changed", "session_id": "", "payload": {}}}
{"jsonrpc": "2.0", "method": "event", "params": {"type": "sessions.changed", "session_id": "", "payload": {}}}
{"jsonrpc": "2.0", "method": "event", "params": {"type": "sessions.changed", "session_id": "", "payload": {}}}
{"jsonrpc": "2.0", "method": "event", "params": {"type": "cron.changed", "session_id": "", "payload": {}}}
{"jsonrpc": "2.0", "method": "event", "params": {"type": "sessions.changed", "session_id": "", "payload": {}}}
{"jsonrpc": "2.0", "method": "event", "params": {"type": "sessions.changed", "session_id": "", "payload": {}}}
{"jsonrpc": "2.0", "method": "event", "params": {"type": "cron.changed", "session_id": "", "payload": {}}}
{"jsonrpc": "2.0", "method": "event", "params": {"type": "sessions.changed", "session_id": "", "payload": {}}}
{"jsonrpc": "2.0", "method": "event", "params": {"type": "cron.changed", "session_id": "", "payload": {}}}
{"jsonrpc": "2.0", "method": "event", "params": {"type": "sessions.changed", "session_id": "", "payload": {}}}
{"jsonrpc": "2.0", "method": "event", "params": {"type": "cron.changed", "session_id": "", "payload": {}}}
{"jsonrpc": "2.0", "method": "event", "params": {"type": "sessions.changed", "session_id": "", "payload": {}}}
{"jsonrpc": "2.0", "method": "event", "params": {"type": "cron.changed", "session_id": "", "payload": {}}}
{"jsonrpc": "2.0", "method": "event", "params": {"type": "sessions.changed", "session_id": "", "payload": {}}}
{"jsonrpc": "2.0", "method": "event", "params": {"type": "sessions.changed", "session_id": "", "payload": {}}}
{"jsonrpc": "2.0", "method": "event", "params": {"type": "sessions.changed", "session_id": "", "payload": {}}}
{"jsonrpc": "2.0", "method": "event", "params": {"type": "sessions.changed", "session_id": "", "payload": {}}}
{"jsonrpc": "2.0", "method": "event", "params": {"type": "cron.changed", "session_id": "", "payload": {}}}
{"jsonrpc": "2.0", "method": "event", "params": {"type": "sessions.changed", "session_id": "", "payload": {}}}
{"jsonrpc": "2.0", "method": "event", "params": {"type": "sessions.changed", "session_id": "", "payload": {}}}
{"jsonrpc": "2.0", "method": "event", "params": {"type": "cron.changed", "session_id": "", "payload": {}}}
{"jsonrpc": "2.0", "method": "event", "params": {"type": "sessions.changed", "session_id": "", "payload": {}}}
{"jsonrpc": "2.0", "method": "event", "params": {"type": "sessions.changed", "session_id": "", "payload": {}}}
{"jsonrpc": "2.0", "method": "event", "params": {"type": "cron.changed", "session_id": "", "payload": {}}}
{"jsonrpc": "2.0", "method": "event", "params": {"type": "sessions.changed", "session_id": "", "payload": {}}}
{"jsonrpc": "2.0", "method": "event", "params": {"type": "sessions.changed", "session_id": "", "payload": {}}}
{"jsonrpc": "2.0", "method": "event", "params": {"type": "cron.changed", "session_id": "", "payload": {}}}
{"jsonrpc": "2.0", "method": "event", "params": {"type": "sessions.changed", "session_id": "", "payload": {}}}
{"jsonrpc": "2.0", "method": "event", "params": {"type": "sessions.changed", "session_id": "", "payload": {}}}
{"jsonrpc": "2.0", "method": "event", "params": {"type": "cron.changed", "session_id": "", "payload": {}}}
{"jsonrpc": "2.0", "method": "event", "params": {"type": "sessions.changed", "session_id": "", "payload": {}}}
{"jsonrpc": "2.0", "method": "event", "params": {"type": "sessions.changed", "session_id": "", "payload": {}}}
{"jsonrpc": "2.0", "method": "event", "params": {"type": "cron.changed", "session_id": "", "payload": {}}}
{"jsonrpc": "2.0", "method": "event", "params": {"type": "sessions.changed", "session_id": "", "payload": {}}}
{"jsonrpc": "2.0", "method": "event", "params": {"type": "sessions.changed", "session_id": "", "payload": {}}}
{"jsonrpc": "2.0", "method": "event", "params": {"type": "sessions.changed", "session_id": "", "payload": {}}}
{"jsonrpc": "2.0", "method": "event", "params": {"type": "sessions.changed", "session_id": "", "payload": {}}}
{"jsonrpc": "2.0", "method": "event", "params": {"type": "platforms.changed", "session_id": "", "payload": {}}}
{"jsonrpc": "2.0", "method": "event", "params": {"type": "sessions.changed", "session_id": "", "payload": {}}}
{"jsonrpc": "2.0", "method": "event", "params": {"type": "sessions.changed", "session_id": "", "payload": {}}}
{"jsonrpc": "2.0", "method": "event", "params": {"type": "platforms.changed", "session_id": "", "payload": {}}}
{"jsonrpc": "2.0", "method": "event", "params": {"type": "sessions.changed", "session_id": "", "payload": {}}}
{"jsonrpc": "2.0", "method": "event", "params": {"type": "platforms.changed", "session_id": "", "payload": {}}}
{"jsonrpc": "2.0", "method": "event", "params": {"type": "sessions.changed", "session_id": "", "payload": {}}}
{"jsonrpc": "2.0", "method": "event", "params": {"type": "sessions.changed", "session_id": "", "payload": {}}}
{"jsonrpc": "2.0", "method": "event", "params": {"type": "sessions.changed", "session_id": "", "payload": {}}}
{"jsonrpc": "2.0", "method": "event", "params": {"type": "platforms.changed", "session_id": "", "payload": {}}}
{"jsonrpc": "2.0", "method": "event", "params": {"type": "sessions.changed", "session_id": "", "payload": {}}}
{"jsonrpc": "2.0", "method": "event", "params": {"type": "sessions.changed", "session_id": "", "payload": {}}}
{"jsonrpc": "2.0", "method": "event", "params": {"type": "platforms.changed", "session_id": "", "payload": {}}}
{"jsonrpc": "2.0", "method": "event", "params": {"type": "sessions.changed", "session_id": "", "payload": {}}}
{"jsonrpc": "2.0", "method": "event", "params": {"type": "platforms.changed", "session_id": "", "payload": {}}}
{"jsonrpc": "2.0", "method": "event", "params": {"type": "sessions.changed", "session_id": "", "payload": {}}}
{"jsonrpc": "2.0", "method": "event", "params": {"type": "cron.changed", "session_id": "", "payload": {}}}
{"jsonrpc": "2.0", "method": "event", "params": {"type": "sessions.changed", "session_id": "", "payload": {}}}
{"jsonrpc": "2.0", "method": "event", "params": {"type": "sessions.changed", "session_id": "", "payload": {}}}
{"jsonrpc": "2.0", "method": "event", "params": {"type": "sessions.changed", "session_id": "", "payload": {}}}
{"jsonrpc": "2.0", "method": "event", "params": {"type": "sessions.changed", "session_id": "", "payload": {}}}
{"jsonrpc": "2.0", "method": "event", "params": {"type": "sessions.changed", "session_id": "", "payload": {}}}
{"jsonrpc": "2.0", "method": "event", "params": {"type": "sessions.changed", "session_id": "", "payload": {}}}
{"jsonrpc": "2.0", "method": "event", "params": {"type": "sessions.changed", "session_id": "", "payload": {}}}
{"jsonrpc": "2.0", "method": "event", "params": {"type": "sessions.changed", "session_id": "", "payload": {}}}
{"jsonrpc": "2.0", "method": "event", "params": {"type": "sessions.changed", "session_id": "", "payload": {}}}
{"jsonrpc": "2.0", "method": "event", "params": {"type": "sessions.changed", "session_id": "", "payload": {}}}
{"jsonrpc": "2.0", "method": "event", "params": {"type": "sessions.changed", "session_id": "", "payload": {}}}
{"jsonrpc": "2.0", "method": "event", "params": {"type": "sessions.changed", "session_id": "", "payload": {}}}
{"jsonrpc": "2.0", "method": "event", "params": {"type": "sessions.changed", "session_id": "", "payload": {}}}
{"jsonrpc": "2.0", "method": "event", "params": {"type": "sessions.changed", "session_id": "", "payload": {}}}
{"jsonrpc": "2.0", "method": "event", "params": {"type": "sessions.changed", "session_id": "", "payload": {}}}
{"jsonrpc": "2.0", "method": "event", "params": {"type": "sessions.changed", "session_id": "", "payload": {}}}
{"jsonrpc": "2.0", "method": "event", "params": {"type": "sessions.changed", "session_id": "", "payload": {}}}
{"jsonrpc": "2.0", "method": "event", "params": {"type": "sessions.changed", "session_id": "", "payload": {}}}
{"jsonrpc": "2.0", "method": "event", "params": {"type": "cron.changed", "session_id": "", "payload": {}}}
{"jsonrpc": "2.0", "method": "event", "params": {"type": "sessions.changed", "session_id": "", "payload": {}}}
{"jsonrpc": "2.0", "method": "event", "params": {"type": "sessions.changed", "session_id": "", "payload": {}}}
{"jsonrpc": "2.0", "method": "event", "params": {"type": "cron.changed", "session_id": "", "payload": {}}}
{"jsonrpc": "2.0", "method": "event", "params": {"type": "sessions.changed", "session_id": "", "payload": {}}}
{"jsonrpc": "2.0", "method": "event", "params": {"type": "cron.changed", "session_id": "", "payload": {}}}
{"jsonrpc": "2.0", "method": "event", "params": {"type": "sessions.changed", "session_id": "", "payload": {}}}
{"jsonrpc": "2.0", "method": "event", "params": {"type": "sessions.changed", "session_id": "", "payload": {}}}
{"jsonrpc": "2.0", "method": "event", "params": {"type": "sessions.changed", "session_id": "", "payload": {}}}
{"jsonrpc": "2.0", "method": "event", "params": {"type": "sessions.changed", "session_id": "", "payload": {}}}
{"jsonrpc": "2.0", "method": "event", "params": {"type": "sessions.changed", "session_id": "", "payload": {}}}
{"jsonrpc": "2.0", "method": "event", "params": {"type": "cron.changed", "session_id": "", "payload": {}}}
{"jsonrpc": "2.0", "method": "event", "params": {"type": "sessions.changed", "session_id": "", "payload": {}}}
{"jsonrpc": "2.0", "method": "event", "params": {"type": "sessions.changed", "session_id": "", "payload": {}}}
{"jsonrpc": "2.0", "method": "event", "params": {"type": "sessions.changed", "session_id": "", "payload": {}}}
{"jsonrpc": "2.0", "method": "event", "params": {"type": "sessions.changed", "session_id": "", "payload": {}}}
{"jsonrpc": "2.0", "method": "event", "params": {"type": "sessions.changed", "session_id": "", "payload": {}}}
{"jsonrpc": "2.0", "method": "event", "params": {"type": "platforms.changed", "session_id": "", "payload": {}}}
{"jsonrpc": "2.0", "method": "event", "params": {"type": "sessions.changed", "session_id": "", "payload": {}}}
{"jsonrpc": "2.0", "method": "event", "params": {"type": "cron.changed", "session_id": "", "payload": {}}}
{"jsonrpc": "2.0", "method": "event", "params": {"type": "sessions.changed", "session_id": "", "payload": {}}}
{"jsonrpc": "2.0", "method": "event", "params": {"type": "sessions.changed", "session_id": "", "payload": {}}}
{"jsonrpc": "2.0", "method": "event", "params": {"type": "cron.changed", "session_id": "", "payload": {}}}
{"jsonrpc": "2.0", "method": "event", "params": {"type": "sessions.changed", "session_id": "", "payload": {}}}
{"jsonrpc": "2.0", "method": "event", "params": {"type": "sessions.changed", "session_id": "", "payload": {}}}
{"jsonrpc": "2.0", "method": "event", "params": {"type": "cron.changed", "session_id": "", "payload": {}}}
{"jsonrpc": "2.0", "method": "event", "params": {"type": "sessions.changed", "session_id": "", "payload": {}}}
{"jsonrpc": "2.0", "method": "event", "params": {"type": "sessions.changed", "session_id": "", "payload": {}}}
{"jsonrpc": "2.0", "method": "event", "params": {"type": "cron.changed", "session_id": "", "payload": {}}}
{"jsonrpc": "2.0", "method": "event", "params": {"type": "sessions.changed", "session_id": "", "payload": {}}}
{"jsonrpc": "2.0", "method": "event", "params": {"type": "sessions.changed", "session_id": "", "payload": {}}}
{"jsonrpc": "2.0", "method": "event", "params": {"type": "sessions.changed", "session_id": "", "payload": {}}}
{"jsonrpc": "2.0", "method": "event", "params": {"type": "sessions.changed", "session_id": "", "payload": {}}}
{"jsonrpc": "2.0", "method": "event", "params": {"type": "cron.changed", "session_id": "", "payload": {}}}
{"jsonrpc": "2.0", "method": "event", "params": {"type": "sessions.changed", "session_id": "", "payload": {}}}
{"jsonrpc": "2.0", "method": "event", "params": {"type": "sessions.changed", "session_id": "", "payload": {}}}
{"jsonrpc": "2.0", "method": "event", "params": {"type": "cron.changed", "session_id": "", "payload": {}}}
{"jsonrpc": "2.0", "method": "event", "params": {"type": "sessions.changed", "session_id": "", "payload": {}}}
{"jsonrpc": "2.0", "method": "event", "params": {"type": "sessions.changed", "session_id": "", "payload": {}}}
{"jsonrpc": "2.0", "method": "event", "params": {"type": "cron.changed", "session_id": "", "payload": {}}}
{"jsonrpc": "2.0", "method": "event", "params": {"type": "sessions.changed", "session_id": "", "payload": {}}}
{"jsonrpc": "2.0", "method": "event", "params": {"type": "sessions.changed", "session_id": "", "payload": {}}}
{"jsonrpc": "2.0", "method": "event", "params": {"type": "cron.changed", "session_id": "", "payload": {}}}
{"jsonrpc": "2.0", "method": "event", "params": {"type": "sessions.changed", "session_id": "", "payload": {}}}
{"jsonrpc": "2.0", "method": "event", "params": {"type": "sessions.changed", "session_id": "", "payload": {}}}
{"jsonrpc": "2.0", "method": "event", "params": {"type": "cron.changed", "session_id": "", "payload": {}}}
{"jsonrpc": "2.0", "method": "event", "params": {"type": "sessions.changed", "session_id": "", "payload": {}}}
{"jsonrpc": "2.0", "method": "event", "params": {"type": "sessions.changed", "session_id": "", "payload": {}}}
{"jsonrpc": "2.0", "method": "event", "params": {"type": "cron.changed", "session_id": "", "payload": {}}}
{"jsonrpc": "2.0", "method": "event", "params": {"type": "sessions.changed", "session_id": "", "payload": {}}}
{"jsonrpc": "2.0", "method": "event", "params": {"type": "sessions.changed", "session_id": "", "payload": {}}}
{"jsonrpc": "2.0", "method": "event", "params": {"type": "cron.changed", "session_id": "", "payload": {}}}
{"jsonrpc": "2.0", "method": "event", "params": {"type": "sessions.changed", "session_id": "", "payload": {}}}
{"jsonrpc": "2.0", "method": "event", "params": {"type": "sessions.changed", "session_id": "", "payload": {}}}
{"jsonrpc": "2.0", "method": "event", "params": {"type": "sessions.changed", "session_id": "", "payload": {}}}
{"jsonrpc": "2.0", "method": "event", "params": {"type": "sessions.changed", "session_id": "", "payload": {}}}
{"jsonrpc": "2.0", "method": "event", "params": {"type": "cron.changed", "session_id": "", "payload": {}}}
{"jsonrpc": "2.0", "method": "event", "params": {"type": "sessions.changed", "session_id": "", "payload": {}}}
{"jsonrpc": "2.0", "method": "event", "params": {"type": "sessions.changed", "session_id": "", "payload": {}}}
{"jsonrpc": "2.0", "method": "event", "params": {"type": "sessions.changed", "session_id": "", "payload": {}}}
{"jsonrpc": "2.0", "method": "event", "params": {"type": "cron.changed", "session_id": "", "payload": {}}}
{"jsonrpc": "2.0", "method": "event", "params": {"type": "sessions.changed", "session_id": "", "payload": {}}}
{"jsonrpc": "2.0", "method": "event", "params": {"type": "sessions.changed", "session_id": "", "payload": {}}}
{"jsonrpc": "2.0", "method": "event", "params": {"type": "cron.changed", "session_id": "", "payload": {}}}
{"jsonrpc": "2.0", "method": "event", "params": {"type": "sessions.changed", "session_id": "", "payload": {}}}
{"jsonrpc": "2.0", "method": "event", "params": {"type": "sessions.changed", "session_id": "", "payload": {}}}
{"jsonrpc": "2.0", "method": "event", "params": {"type": "cron.changed", "session_id": "", "payload": {}}}
{"jsonrpc": "2.0", "method": "event", "params": {"type": "cron.changed", "session_id": "", "payload": {}}}
{"jsonrpc": "2.0", "method": "event", "params": {"type": "sessions.changed", "session_id": "", "payload": {}}}
{"jsonrpc": "2.0", "method": "event", "params": {"type": "sessions.changed", "session_id": "", "payload": {}}}
{"jsonrpc": "2.0", "method": "event", "params": {"type": "cron.changed", "session_id": "", "payload": {}}}
{"jsonrpc": "2.0", "method": "event", "params": {"type": "sessions.changed", "session_id": "", "payload": {}}}
{"jsonrpc": "2.0", "method": "event", "params": {"type": "sessions.changed", "session_id": "", "payload": {}}}
{"jsonrpc": "2.0", "method": "event", "params": {"type": "sessions.changed", "session_id": "", "payload": {}}}
{"jsonrpc": "2.0", "method": "event", "params": {"type": "sessions.changed", "session_id": "", "payload": {}}}
{"jsonrpc": "2.0", "method": "event", "params": {"type": "cron.changed", "session_id": "", "payload": {}}}
{"jsonrpc": "2.0", "method": "event", "params": {"type": "sessions.changed", "session_id": "", "payload": {}}}
{"jsonrpc": "2.0", "method": "event", "params": {"type": "sessions.changed", "session_id": "", "payload": {}}}
{"jsonrpc": "2.0", "method": "event", "params": {"type": "cron.changed", "session_id": "", "payload": {}}}
{"jsonrpc": "2.0", "method": "event", "params": {"type": "sessions.changed", "session_id": "", "payload": {}}}
{"jsonrpc": "2.0", "method": "event", "params": {"type": "sessions.changed", "session_id": "", "payload": {}}}
{"jsonrpc": "2.0", "method": "event", "params": {"type": "cron.changed", "session_id": "", "payload": {}}}
{"jsonrpc": "2.0", "method": "event", "params": {"type": "sessions.changed", "session_id": "", "payload": {}}}
{"jsonrpc": "2.0", "method": "event", "params": {"type": "sessions.changed", "session_id": "", "payload": {}}}
{"jsonrpc": "2.0", "method": "event", "params": {"type": "cron.changed", "session_id": "", "payload": {}}}
{"jsonrpc": "2.0", "method": "event", "params": {"type": "sessions.changed", "session_id": "", "payload": {}}}
{"jsonrpc": "2.0", "method": "event", "params": {"type": "sessions.changed", "session_id": "", "payload": {}}}
{"jsonrpc": "2.0", "method": "event", "params": {"type": "cron.changed", "session_id": "", "payload": {}}}
{"jsonrpc": "2.0", "method": "event", "params": {"type": "sessions.changed", "session_id": "", "payload": {}}}
{"jsonrpc": "2.0", "method": "event", "params": {"type": "sessions.changed", "session_id": "", "payload": {}}}
{"jsonrpc": "2.0", "method": "event", "params": {"type": "cron.changed", "session_id": "", "payload": {}}}
{"jsonrpc": "2.0", "method": "event", "params": {"type": "sessions.changed", "session_id": "", "payload": {}}}
{"jsonrpc": "2.0", "method": "event", "params": {"type": "sessions.changed", "session_id": "", "payload": {}}}
{"jsonrpc": "2.0", "method": "event", "params": {"type": "cron.changed", "session_id": "", "payload": {}}}
{"jsonrpc": "2.0", "method": "event", "params": {"type": "sessions.changed", "session_id": "", "payload": {}}}
{"jsonrpc": "2.0", "method": "event", "params": {"type": "sessions.changed", "session_id": "", "payload": {}}}
{"jsonrpc": "2.0", "method": "event", "params": {"type": "cron.changed", "session_id": "", "payload": {}}}
{"jsonrpc": "2.0", "method": "event", "params": {"type": "cron.changed", "session_id": "", "payload": {}}}
{"jsonrpc": "2.0", "method": "event", "params": {"type": "sessions.changed", "session_id": "", "payload": {}}}
{"jsonrpc": "2.0", "method": "event", "params": {"type": "sessions.changed", "session_id": "", "payload": {}}}
{"jsonrpc": "2.0", "method": "event", "params": {"type": "cron.changed", "session_id": "", "payload": {}}}
{"jsonrpc": "2.0", "method": "event", "params": {"type": "sessions.changed", "session_id": "", "payload": {}}}
{"jsonrpc": "2.0", "method": "event", "params": {"type": "sessions.changed", "session_id": "", "payload": {}}}
{"jsonrpc": "2.0", "method": "event", "params": {"type": "cron.changed", "session_id": "", "payload": {}}}
{"jsonrpc": "2.0", "method": "event", "params": {"type": "sessions.changed", "session_id": "", "payload": {}}}
{"jsonrpc": "2.0", "method": "event", "params": {"type": "sessions.changed", "session_id": "", "payload": {}}}
{"jsonrpc": "2.0", "method": "event", "params": {"type": "cron.changed", "session_id": "", "payload": {}}}
{"jsonrpc": "2.0", "method": "event", "params": {"type": "sessions.changed", "session_id": "", "payload": {}}}
{"jsonrpc": "2.0", "method": "event", "params": {"type": "sessions.changed", "session_id": "", "payload": {}}}
{"jsonrpc": "2.0", "method": "event", "params": {"type": "cron.changed", "session_id": "", "payload": {}}}
{"jsonrpc": "2.0", "method": "event", "params": {"type": "sessions.changed", "session_id": "", "payload": {}}}
{"jsonrpc": "2.0", "method": "event", "params": {"type": "sessions.changed", "session_id": "", "payload": {}}}
{"jsonrpc": "2.0", "method": "event", "params": {"type": "sessions.changed", "session_id": "", "payload": {}}}
{"jsonrpc": "2.0", "method": "event", "params": {"type": "sessions.changed", "session_id": "", "payload": {}}}
{"jsonrpc": "2.0", "method": "event", "params": {"type": "cron.changed", "session_id": "", "payload": {}}}
{"jsonrpc": "2.0", "method": "event", "params": {"type": "cron.changed", "session_id": "", "payload": {}}}
{"jsonrpc": "2.0", "method": "event", "params": {"type": "sessions.changed", "session_id": "", "payload": {}}}
{"jsonrpc": "2.0", "method": "event", "params": {"type": "sessions.changed", "session_id": "", "payload": {}}}
{"jsonrpc": "2.0", "method": "event", "params": {"type": "cron.changed", "session_id": "", "payload": {}}}
{"jsonrpc": "2.0", "method": "event", "params": {"type": "sessions.changed", "session_id": "", "payload": {}}}
{"jsonrpc": "2.0", "method": "event", "params": {"type": "sessions.changed", "session_id": "", "payload": {}}}
{"jsonrpc": "2.0", "method": "event", "params": {"type": "cron.changed", "session_id": "", "payload": {}}}
{"jsonrpc": "2.0", "method": "event", "params": {"type": "sessions.changed", "session_id": "", "payload": {}}}
{"jsonrpc": "2.0", "method": "event", "params": {"type": "sessions.changed", "session_id": "", "payload": {}}}
{"jsonrpc": "2.0", "method": "event", "params": {"type": "cron.changed", "session_id": "", "payload": {}}}
{"jsonrpc": "2.0", "method": "event", "params": {"type": "sessions.changed", "session_id": "", "payload": {}}}
{"jsonrpc": "2.0", "method": "event", "params": {"type": "sessions.changed", "session_id": "", "payload": {}}}
{"jsonrpc": "2.0", "method": "event", "params": {"type": "cron.changed", "session_id": "", "payload": {}}}
{"jsonrpc": "2.0", "method": "event", "params": {"type": "sessions.changed", "session_id": "", "payload": {}}}
{"jsonrpc": "2.0", "method": "event", "params": {"type": "sessions.changed", "session_id": "", "payload": {}}}
{"jsonrpc": "2.0", "method": "event", "params": {"type": "cron.changed", "session_id": "", "payload": {}}}
{"jsonrpc": "2.0", "method": "event", "params": {"type": "sessions.changed", "session_id": "", "payload": {}}}
{"jsonrpc": "2.0", "method": "event", "params": {"type": "sessions.changed", "session_id": "", "payload": {}}}
{"jsonrpc": "2.0", "method": "event", "params": {"type": "cron.changed", "session_id": "", "payload": {}}}
{"jsonrpc": "2.0", "method": "event", "params": {"type": "sessions.changed", "session_id": "", "payload": {}}}
{"jsonrpc": "2.0", "method": "event", "params": {"type": "sessions.changed", "session_id": "", "payload": {}}}
{"jsonrpc": "2.0", "method": "event", "params": {"type": "cron.changed", "session_id": "", "payload": {}}}
{"jsonrpc": "2.0", "method": "event", "params": {"type": "sessions.changed", "session_id": "", "payload": {}}}
{"jsonrpc": "2.0", "method": "event", "params": {"type": "sessions.changed", "session_id": "", "payload": {}}}
{"jsonrpc": "2.0", "method": "event", "params": {"type": "cron.changed", "session_id": "", "payload": {}}}
{"jsonrpc": "2.0", "method": "event", "params": {"type": "sessions.changed", "session_id": "", "payload": {}}}
{"jsonrpc": "2.0", "method": "event", "params": {"type": "sessions.changed", "session_id": "", "payload": {}}}
{"jsonrpc": "2.0", "method": "event", "params": {"type": "cron.changed", "session_id": "", "payload": {}}}
{"jsonrpc": "2.0", "method": "event", "params": {"type": "sessions.changed", "session_id": "", "payload": {}}}
{"jsonrpc": "2.0", "method": "event", "params": {"type": "sessions.changed", "session_id": "", "payload": {}}}
{"jsonrpc": "2.0", "method": "event", "params": {"type": "cron.changed", "session_id": "", "payload": {}}}
{"jsonrpc": "2.0", "method": "event", "params": {"type": "cron.changed", "session_id": "", "payload": {}}}
{"jsonrpc": "2.0", "method": "event", "params": {"type": "sessions.changed", "session_id": "", "payload": {}}}
{"jsonrpc": "2.0", "method": "event", "params": {"type": "sessions.changed", "session_id": "", "payload": {}}}
{"jsonrpc": "2.0", "method": "event", "params": {"type": "cron.changed", "session_id": "", "payload": {}}}
{"jsonrpc": "2.0", "method": "event", "params": {"type": "sessions.changed", "session_id": "", "payload": {}}}
{"jsonrpc": "2.0", "method": "event", "params": {"type": "sessions.changed", "session_id": "", "payload": {}}}
{"jsonrpc": "2.0", "method": "event", "params": {"type": "sessions.changed", "session_id": "", "payload": {}}}
{"jsonrpc": "2.0", "method": "event", "params": {"type": "sessions.changed", "session_id": "", "payload": {}}}
{"jsonrpc": "2.0", "method": "event", "params": {"type": "cron.changed", "session_id": "", "payload": {}}}
{"jsonrpc": "2.0", "method": "event", "params": {"type": "sessions.changed", "session_id": "", "payload": {}}}
{"jsonrpc": "2.0", "method": "event", "params": {"type": "sessions.changed", "session_id": "", "payload": {}}}
{"jsonrpc": "2.0", "method": "event", "params": {"type": "cron.changed", "session_id": "", "payload": {}}}
{"jsonrpc": "2.0", "method": "event", "params": {"type": "sessions.changed", "session_id": "", "payload": {}}}
{"jsonrpc": "2.0", "method": "event", "params": {"type": "sessions.changed", "session_id": "", "payload": {}}}
{"jsonrpc": "2.0", "method": "event", "params": {"type": "cron.changed", "session_id": "", "payload": {}}}
{"jsonrpc": "2.0", "method": "event", "params": {"type": "sessions.changed", "session_id": "", "payload": {}}}
{"jsonrpc": "2.0", "method": "event", "params": {"type": "sessions.changed", "session_id": "", "payload": {}}}
{"jsonrpc": "2.0", "method": "event", "params": {"type": "cron.changed", "session_id": "", "payload": {}}}
{"jsonrpc": "2.0", "method": "event", "params": {"type": "sessions.changed", "session_id": "", "payload": {}}}
{"jsonrpc": "2.0", "method": "event", "params": {"type": "sessions.changed", "session_id": "", "payload": {}}}
{"jsonrpc": "2.0", "method": "event", "params": {"type": "cron.changed", "session_id": "", "payload": {}}}
{"jsonrpc": "2.0", "method": "event", "params": {"type": "sessions.changed", "session_id": "", "payload": {}}}
{"jsonrpc": "2.0", "method": "event", "params": {"type": "sessions.changed", "session_id": "", "payload": {}}}
{"jsonrpc": "2.0", "method": "event", "params": {"type": "cron.changed", "session_id": "", "payload": {}}}
{"jsonrpc": "2.0", "method": "event", "params": {"type": "sessions.changed", "session_id": "", "payload": {}}}
{"jsonrpc": "2.0", "method": "event", "params": {"type": "sessions.changed", "session_id": "", "payload": {}}}
{"jsonrpc": "2.0", "method": "event", "params": {"type": "cron.changed", "session_id": "", "payload": {}}}
{"jsonrpc": "2.0", "method": "event", "params": {"type": "cron.changed", "session_id": "", "payload": {}}}
{"jsonrpc": "2.0", "method": "event", "params": {"type": "sessions.changed", "session_id": "", "payload": {}}}
{"jsonrpc": "2.0", "method": "event", "params": {"type": "sessions.changed", "session_id": "", "payload": {}}}
{"jsonrpc": "2.0", "method": "event", "params": {"type": "cron.changed", "session_id": "", "payload": {}}}
{"jsonrpc": "2.0", "method": "event", "params": {"type": "sessions.changed", "session_id": "", "payload": {}}}
{"jsonrpc": "2.0", "method": "event", "params": {"type": "sessions.changed", "session_id": "", "payload": {}}}
{"jsonrpc": "2.0", "method": "event", "params": {"type": "cron.changed", "session_id": "", "payload": {}}}
{"jsonrpc": "2.0", "method": "event", "params": {"type": "sessions.changed", "session_id": "", "payload": {}}}
{"jsonrpc": "2.0", "method": "event", "params": {"type": "sessions.changed", "session_id": "", "payload": {}}}
{"jsonrpc": "2.0", "method": "event", "params": {"type": "cron.changed", "session_id": "", "payload": {}}}
{"jsonrpc": "2.0", "method": "event", "params": {"type": "sessions.changed", "session_id": "", "payload": {}}}
{"jsonrpc": "2.0", "method": "event", "params": {"type": "sessions.changed", "session_id": "", "payload": {}}}
{"jsonrpc": "2.0", "method": "event", "params": {"type": "cron.changed", "session_id": "", "payload": {}}}
{"jsonrpc": "2.0", "method": "event", "params": {"type": "sessions.changed", "session_id": "", "payload": {}}}
{"jsonrpc": "2.0", "method": "event", "params": {"type": "sessions.changed", "session_id": "", "payload": {}}}
{"jsonrpc": "2.0", "method": "event", "params": {"type": "cron.changed", "session_id": "", "payload": {}}}
{"jsonrpc": "2.0", "method": "event", "params": {"type": "sessions.changed", "session_id": "", "payload": {}}}
{"jsonrpc": "2.0", "method": "event", "params": {"type": "sessions.changed", "session_id": "", "payload": {}}}
{"jsonrpc": "2.0", "method": "event", "params": {"type": "sessions.changed", "session_id": "", "payload": {}}}
{"jsonrpc": "2.0", "method": "event", "params": {"type": "sessions.changed", "session_id": "", "payload": {}}}
{"jsonrpc": "2.0", "method": "event", "params": {"type": "cron.changed", "session_id": "", "payload": {}}}
{"jsonrpc": "2.0", "method": "event", "params": {"type": "sessions.changed", "session_id": "", "payload": {}}}
{"jsonrpc": "2.0", "method": "event", "params": {"type": "sessions.changed", "session_id": "", "payload": {}}}
{"jsonrpc": "2.0", "method": "event", "params": {"type": "cron.changed", "session_id": "", "payload": {}}}
{"jsonrpc": "2.0", "method": "event", "params": {"type": "sessions.changed", "session_id": "", "payload": {}}}
{"jsonrpc": "2.0", "method": "event", "params": {"type": "sessions.changed", "session_id": "", "payload": {}}}
{"jsonrpc": "2.0", "method": "event", "params": {"type": "cron.changed", "session_id": "", "payload": {}}}
{"jsonrpc": "2.0", "method": "event", "params": {"type": "sessions.changed", "session_id": "", "payload": {}}}
{"jsonrpc": "2.0", "method": "event", "params": {"type": "sessions.changed", "session_id": "", "payload": {}}}
{"jsonrpc": "2.0", "method": "event", "params": {"type": "cron.changed", "session_id": "", "payload": {}}}
{"jsonrpc": "2.0", "method": "event", "params": {"type": "sessions.changed", "session_id": "", "payload": {}}}
{"jsonrpc": "2.0", "method": "event", "params": {"type": "sessions.changed", "session_id": "", "payload": {}}}
{"jsonrpc": "2.0", "method": "event", "params": {"type": "cron.changed", "session_id": "", "payload": {}}}
{"jsonrpc": "2.0", "method": "event", "params": {"type": "sessions.changed", "session_id": "", "payload": {}}}
{"jsonrpc": "2.0", "method": "event", "params": {"type": "sessions.changed", "session_id": "", "payload": {}}}
{"jsonrpc": "2.0", "method": "event", "params": {"type": "cron.changed", "session_id": "", "payload": {}}}
{"jsonrpc": "2.0", "method": "event", "params": {"type": "sessions.changed", "session_id": "", "payload": {}}}
{"jsonrpc": "2.0", "method": "event", "params": {"type": "sessions.changed", "session_id": "", "payload": {}}}
{"jsonrpc": "2.0", "method": "event", "params": {"type": "cron.changed", "session_id": "", "payload": {}}}
{"jsonrpc": "2.0", "method": "event", "params": {"type": "sessions.changed", "session_id": "", "payload": {}}}
{"jsonrpc": "2.0", "method": "event", "params": {"type": "sessions.changed", "session_id": "", "payload": {}}}
{"jsonrpc": "2.0", "method": "event", "params": {"type": "cron.changed", "session_id": "", "payload": {}}}
{"jsonrpc": "2.0", "method": "event", "params": {"type": "sessions.changed", "session_id": "", "payload": {}}}
{"jsonrpc": "2.0", "method": "event", "params": {"type": "sessions.changed", "session_id": "", "payload": {}}}
{"jsonrpc": "2.0", "method": "event", "params": {"type": "cron.changed", "session_id": "", "payload": {}}}
{"jsonrpc": "2.0", "method": "event", "params": {"type": "cron.changed", "session_id": "", "payload": {}}}
{"jsonrpc": "2.0", "method": "event", "params": {"type": "sessions.changed", "session_id": "", "payload": {}}}
{"jsonrpc": "2.0", "method": "event", "params": {"type": "sessions.changed", "session_id": "", "payload": {}}}
{"jsonrpc": "2.0", "method": "event", "params": {"type": "cron.changed", "session_id": "", "payload": {}}}
{"jsonrpc": "2.0", "method": "event", "params": {"type": "sessions.changed", "session_id": "", "payload": {}}}
{"jsonrpc": "2.0", "method": "event", "params": {"type": "sessions.changed", "session_id": "", "payload": {}}}
{"jsonrpc": "2.0", "method": "event", "params": {"type": "cron.changed", "session_id": "", "payload": {}}}
{"jsonrpc": "2.0", "method": "event", "params": {"type": "sessions.changed", "session_id": "", "payload": {}}}
{"jsonrpc": "2.0", "method": "event", "params": {"type": "sessions.changed", "session_id": "", "payload": {}}}
{"jsonrpc": "2.0", "method": "event", "params": {"type": "cron.changed", "session_id": "", "payload": {}}}
{"jsonrpc": "2.0", "method": "event", "params": {"type": "cron.changed", "session_id": "", "payload": {}}}
{"jsonrpc": "2.0", "method": "event", "params": {"type": "sessions.changed", "session_id": "", "payload": {}}}
{"jsonrpc": "2.0", "method": "event", "params": {"type": "sessions.changed", "session_id": "", "payload": {}}}
{"jsonrpc": "2.0", "method": "event", "params": {"type": "sessions.changed", "session_id": "", "payload": {}}}
{"jsonrpc": "2.0", "method": "event", "params": {"type": "sessions.changed", "session_id": "", "payload": {}}}
{"jsonrpc": "2.0", "method": "event", "params": {"type": "cron.changed", "session_id": "", "payload": {}}}
{"jsonrpc": "2.0", "method": "event", "params": {"type": "sessions.changed", "session_id": "", "payload": {}}}
{"jsonrpc": "2.0", "method": "event", "params": {"type": "sessions.changed", "session_id": "", "payload": {}}}
{"jsonrpc": "2.0", "method": "event", "params": {"type": "cron.changed", "session_id": "", "payload": {}}}
{"jsonrpc": "2.0", "method": "event", "params": {"type": "sessions.changed", "session_id": "", "payload": {}}}
{"jsonrpc": "2.0", "method": "event", "params": {"type": "sessions.changed", "session_id": "", "payload": {}}}
{"jsonrpc": "2.0", "method": "event", "params": {"type": "cron.changed", "session_id": "", "payload": {}}}
{"jsonrpc": "2.0", "method": "event", "params": {"type": "sessions.changed", "session_id": "", "payload": {}}}
{"jsonrpc": "2.0", "method": "event", "params": {"type": "sessions.changed", "session_id": "", "payload": {}}}
{"jsonrpc": "2.0", "method": "event", "params": {"type": "cron.changed", "session_id": "", "payload": {}}}
{"jsonrpc": "2.0", "method": "event", "params": {"type": "sessions.changed", "session_id": "", "payload": {}}}
{"jsonrpc": "2.0", "method": "event", "params": {"type": "sessions.changed", "session_id": "", "payload": {}}}
{"jsonrpc": "2.0", "method": "event", "params": {"type": "cron.changed", "session_id": "", "payload": {}}}
{"jsonrpc": "2.0", "method": "event", "params": {"type": "sessions.changed", "session_id": "", "payload": {}}}
{"jsonrpc": "2.0", "method": "event", "params": {"type": "sessions.changed", "session_id": "", "payload": {}}}
{"jsonrpc": "2.0", "method": "event", "params": {"type": "cron.changed", "session_id": "", "payload": {}}}
{"jsonrpc": "2.0", "method": "event", "params": {"type": "cron.changed", "session_id": "", "payload": {}}}
{"jsonrpc": "2.0", "method": "event", "params": {"type": "sessions.changed", "session_id": "", "payload": {}}}
{"jsonrpc": "2.0", "method": "event", "params": {"type": "sessions.changed", "session_id": "", "payload": {}}}
{"jsonrpc": "2.0", "method": "event", "params": {"type": "cron.changed", "session_id": "", "payload": {}}}
{"jsonrpc": "2.0", "method": "event", "params": {"type": "sessions.changed", "session_id": "", "payload": {}}}
{"jsonrpc": "2.0", "method": "event", "params": {"type": "sessions.changed", "session_id": "", "payload": {}}}
{"jsonrpc": "2.0", "method": "event", "params": {"type": "cron.changed", "session_id": "", "payload": {}}}
{"jsonrpc": "2.0", "method": "event", "params": {"type": "sessions.changed", "session_id": "", "payload": {}}}
{"jsonrpc": "2.0", "method": "event", "params": {"type": "sessions.changed", "session_id": "", "payload": {}}}
{"jsonrpc": "2.0", "method": "event", "params": {"type": "cron.changed", "session_id": "", "payload": {}}}
{"jsonrpc": "2.0", "method": "event", "params": {"type": "cron.changed", "session_id": "", "payload": {}}}
{"jsonrpc": "2.0", "method": "event", "params": {"type": "sessions.changed", "session_id": "", "payload": {}}}
{"jsonrpc": "2.0", "method": "event", "params": {"type": "sessions.changed", "session_id": "", "payload": {}}}
{"jsonrpc": "2.0", "method": "event", "params": {"type": "cron.changed", "session_id": "", "payload": {}}}
{"jsonrpc": "2.0", "method": "event", "params": {"type": "sessions.changed", "session_id": "", "payload": {}}}
{"jsonrpc": "2.0", "method": "event", "params": {"type": "sessions.changed", "session_id": "", "payload": {}}}
{"jsonrpc": "2.0", "method": "event", "params": {"type": "cron.changed", "session_id": "", "payload": {}}}
{"jsonrpc": "2.0", "method": "event", "params": {"type": "sessions.changed", "session_id": "", "payload": {}}}
{"jsonrpc": "2.0", "method": "event", "params": {"type": "sessions.changed", "session_id": "", "payload": {}}}
{"jsonrpc": "2.0", "method": "event", "params": {"type": "cron.changed", "session_id": "", "payload": {}}}
{"jsonrpc": "2.0", "method": "event", "params": {"type": "cron.changed", "session_id": "", "payload": {}}}
{"jsonrpc": "2.0", "method": "event", "params": {"type": "sessions.changed", "session_id": "", "payload": {}}}
{"jsonrpc": "2.0", "method": "event", "params": {"type": "sessions.changed", "session_id": "", "payload": {}}}
{"jsonrpc": "2.0", "method": "event", "params": {"type": "sessions.changed", "session_id": "", "payload": {}}}
{"jsonrpc": "2.0", "method": "event", "params": {"type": "sessions.changed", "session_id": "", "payload": {}}}
{"jsonrpc": "2.0", "method": "event", "params": {"type": "cron.changed", "session_id": "", "payload": {}}}
{"jsonrpc": "2.0", "method": "event", "params": {"type": "sessions.changed", "session_id": "", "payload": {}}}
{"jsonrpc": "2.0", "method": "event", "params": {"type": "sessions.changed", "session_id": "", "payload": {}}}
{"jsonrpc": "2.0", "method": "event", "params": {"type": "cron.changed", "session_id": "", "payload": {}}}
{"jsonrpc": "2.0", "method": "event", "params": {"type": "sessions.changed", "session_id": "", "payload": {}}}
{"jsonrpc": "2.0", "method": "event", "params": {"type": "sessions.changed", "session_id": "", "payload": {}}}
{"jsonrpc": "2.0", "method": "event", "params": {"type": "cron.changed", "session_id": "", "payload": {}}}
{"jsonrpc": "2.0", "method": "event", "params": {"type": "sessions.changed", "session_id": "", "payload": {}}}
{"jsonrpc": "2.0", "method": "event", "params": {"type": "sessions.changed", "session_id": "", "payload": {}}}
{"jsonrpc": "2.0", "method": "event", "params": {"type": "cron.changed", "session_id": "", "payload": {}}}
{"jsonrpc": "2.0", "method": "event", "params": {"type": "sessions.changed", "session_id": "", "payload": {}}}
{"jsonrpc": "2.0", "method": "event", "params": {"type": "sessions.changed", "session_id": "", "payload": {}}}
{"jsonrpc": "2.0", "method": "event", "params": {"type": "cron.changed", "session_id": "", "payload": {}}}
{"jsonrpc": "2.0", "method": "event", "params": {"type": "sessions.changed", "session_id": "", "payload": {}}}
{"jsonrpc": "2.0", "method": "event", "params": {"type": "sessions.changed", "session_id": "", "payload": {}}}
{"jsonrpc": "2.0", "method": "event", "params": {"type": "cron.changed", "session_id": "", "payload": {}}}
{"jsonrpc": "2.0", "method": "event", "params": {"type": "sessions.changed", "session_id": "", "payload": {}}}
{"jsonrpc": "2.0", "method": "event", "params": {"type": "sessions.changed", "session_id": "", "payload": {}}}
{"jsonrpc": "2.0", "method": "event", "params": {"type": "cron.changed", "session_id": "", "payload": {}}}
{"jsonrpc": "2.0", "method": "event", "params": {"type": "sessions.changed", "session_id": "", "payload": {}}}
{"jsonrpc": "2.0", "method": "event", "params": {"type": "sessions.changed", "session_id": "", "payload": {}}}
{"jsonrpc": "2.0", "method": "event", "params": {"type": "cron.changed", "session_id": "", "payload": {}}}
{"jsonrpc": "2.0", "method": "event", "params": {"type": "cron.changed", "session_id": "", "payload": {}}}
{"jsonrpc": "2.0", "method": "event", "params": {"type": "sessions.changed", "session_id": "", "payload": {}}}
{"jsonrpc": "2.0", "method": "event", "params": {"type": "sessions.changed", "session_id": "", "payload": {}}}
{"jsonrpc": "2.0", "method": "event", "params": {"type": "cron.changed", "session_id": "", "payload": {}}}
{"jsonrpc": "2.0", "method": "event", "params": {"type": "sessions.changed", "session_id": "", "payload": {}}}
{"jsonrpc": "2.0", "method": "event", "params": {"type": "sessions.changed", "session_id": "", "payload": {}}}
{"jsonrpc": "2.0", "method": "event", "params": {"type": "cron.changed", "session_id": "", "payload": {}}}
{"jsonrpc": "2.0", "method": "event", "params": {"type": "sessions.changed", "session_id": "", "payload": {}}}
{"jsonrpc": "2.0", "method": "event", "params": {"type": "sessions.changed", "session_id": "", "payload": {}}}
{"jsonrpc": "2.0", "method": "event", "params": {"type": "cron.changed", "session_id": "", "payload": {}}}
{"jsonrpc": "2.0", "method": "event", "params": {"type": "cron.changed", "session_id": "", "payload": {}}}
{"jsonrpc": "2.0", "method": "event", "params": {"type": "sessions.changed", "session_id": "", "payload": {}}}
{"jsonrpc": "2.0", "method": "event", "params": {"type": "sessions.changed", "session_id": "", "payload": {}}}
{"jsonrpc": "2.0", "method": "event", "params": {"type": "cron.changed", "session_id": "", "payload": {}}}
{"jsonrpc": "2.0", "method": "event", "params": {"type": "sessions.changed", "session_id": "", "payload": {}}}
{"jsonrpc": "2.0", "method": "event", "params": {"type": "sessions.changed", "session_id": "", "payload": {}}}
{"jsonrpc": "2.0", "method": "event", "params": {"type": "sessions.changed", "session_id": "", "payload": {}}}
{"jsonrpc": "2.0", "method": "event", "params": {"type": "sessions.changed", "session_id": "", "payload": {}}}
{"jsonrpc": "2.0", "method": "event", "params": {"type": "cron.changed", "session_id": "", "payload": {}}}
{"jsonrpc": "2.0", "method": "event", "params": {"type": "sessions.changed", "session_id": "", "payload": {}}}
{"jsonrpc": "2.0", "method": "event", "params": {"type": "sessions.changed", "session_id": "", "payload": {}}}
{"jsonrpc": "2.0", "method": "event", "params": {"type": "cron.changed", "session_id": "", "payload": {}}}
{"jsonrpc": "2.0", "method": "event", "params": {"type": "sessions.changed", "session_id": "", "payload": {}}}
{"jsonrpc": "2.0", "method": "event", "params": {"type": "sessions.changed", "session_id": "", "payload": {}}}
{"jsonrpc": "2.0", "method": "event", "params": {"type": "cron.changed", "session_id": "", "payload": {}}}
{"jsonrpc": "2.0", "method": "event", "params": {"type": "sessions.changed", "session_id": "", "payload": {}}}
{"jsonrpc": "2.0", "method": "event", "params": {"type": "sessions.changed", "session_id": "", "payload": {}}}
{"jsonrpc": "2.0", "method": "event", "params": {"type": "cron.changed", "session_id": "", "payload": {}}}
{"jsonrpc": "2.0", "method": "event", "params": {"type": "sessions.changed", "session_id": "", "payload": {}}}
{"jsonrpc": "2.0", "method": "event", "params": {"type": "sessions.changed", "session_id": "", "payload": {}}}
{"jsonrpc": "2.0", "method": "event", "params": {"type": "cron.changed", "session_id": "", "payload": {}}}
{"jsonrpc": "2.0", "method": "event", "params": {"type": "sessions.changed", "session_id": "", "payload": {}}}
{"jsonrpc": "2.0", "method": "event", "params": {"type": "sessions.changed", "session_id": "", "payload": {}}}
{"jsonrpc": "2.0", "method": "event", "params": {"type": "cron.changed", "session_id": "", "payload": {}}}
{"jsonrpc": "2.0", "method": "event", "params": {"type": "sessions.changed", "session_id": "", "payload": {}}}
{"jsonrpc": "2.0", "method": "event", "params": {"type": "sessions.changed", "session_id": "", "payload": {}}}
{"jsonrpc": "2.0", "method": "event", "params": {"type": "cron.changed", "session_id": "", "payload": {}}}
{"jsonrpc": "2.0", "method": "event", "params": {"type": "sessions.changed", "session_id": "", "payload": {}}}
{"jsonrpc": "2.0", "method": "event", "params": {"type": "sessions.changed", "session_id": "", "payload": {}}}
{"jsonrpc": "2.0", "method": "event", "params": {"type": "cron.changed", "session_id": "", "payload": {}}}
{"jsonrpc": "2.0", "method": "event", "params": {"type": "sessions.changed", "session_id": "", "payload": {}}}
{"jsonrpc": "2.0", "method": "event", "params": {"type": "sessions.changed", "session_id": "", "payload": {}}}
{"jsonrpc": "2.0", "method": "event", "params": {"type": "cron.changed", "session_id": "", "payload": {}}}
{"jsonrpc": "2.0", "method": "event", "params": {"type": "sessions.changed", "session_id": "", "payload": {}}}
{"jsonrpc": "2.0", "method": "event", "params": {"type": "sessions.changed", "session_id": "", "payload": {}}}
{"jsonrpc": "2.0", "method": "event", "params": {"type": "cron.changed", "session_id": "", "payload": {}}}
{"jsonrpc": "2.0", "method": "event", "params": {"type": "sessions.changed", "session_id": "", "payload": {}}}
{"jsonrpc": "2.0", "method": "event", "params": {"type": "sessions.changed", "session_id": "", "payload": {}}}
{"jsonrpc": "2.0", "method": "event", "params": {"type": "cron.changed", "session_id": "", "payload": {}}}
{"jsonrpc": "2.0", "method": "event", "params": {"type": "sessions.changed", "session_id": "", "payload": {}}}
{"jsonrpc": "2.0", "method": "event", "params": {"type": "sessions.changed", "session_id": "", "payload": {}}}
{"jsonrpc": "2.0", "method": "event", "params": {"type": "cron.changed", "session_id": "", "payload": {}}}
{"jsonrpc": "2.0", "method": "event", "params": {"type": "sessions.changed", "session_id": "", "payload": {}}}
{"jsonrpc": "2.0", "method": "event", "params": {"type": "sessions.changed", "session_id": "", "payload": {}}}
{"jsonrpc": "2.0", "method": "event", "params": {"type": "sessions.changed", "session_id": "", "payload": {}}}
{"jsonrpc": "2.0", "method": "event", "params": {"type": "sessions.changed", "session_id": "", "payload": {}}}
{"jsonrpc": "2.0", "method": "event", "params": {"type": "cron.changed", "session_id": "", "payload": {}}}
{"jsonrpc": "2.0", "method": "event", "params": {"type": "cron.changed", "session_id": "", "payload": {}}}
{"jsonrpc": "2.0", "method": "event", "params": {"type": "sessions.changed", "session_id": "", "payload": {}}}
{"jsonrpc": "2.0", "method": "event", "params": {"type": "sessions.changed", "session_id": "", "payload": {}}}
{"jsonrpc": "2.0", "method": "event", "params": {"type": "cron.changed", "session_id": "", "payload": {}}}
{"jsonrpc": "2.0", "method": "event", "params": {"type": "sessions.changed", "session_id": "", "payload": {}}}
{"jsonrpc": "2.0", "method": "event", "params": {"type": "sessions.changed", "session_id": "", "payload": {}}}
{"jsonrpc": "2.0", "method": "event", "params": {"type": "cron.changed", "session_id": "", "payload": {}}}
{"jsonrpc": "2.0", "method": "event", "params": {"type": "sessions.changed", "session_id": "", "payload": {}}}
{"jsonrpc": "2.0", "method": "event", "params": {"type": "sessions.changed", "session_id": "", "payload": {}}}
{"jsonrpc": "2.0", "method": "event", "params": {"type": "cron.changed", "session_id": "", "payload": {}}}
{"jsonrpc": "2.0", "method": "event", "params": {"type": "sessions.changed", "session_id": "", "payload": {}}}
{"jsonrpc": "2.0", "method": "event", "params": {"type": "sessions.changed", "session_id": "", "payload": {}}}
{"jsonrpc": "2.0", "method": "event", "params": {"type": "cron.changed", "session_id": "", "payload": {}}}
{"jsonrpc": "2.0", "method": "event", "params": {"type": "sessions.changed", "session_id": "", "payload": {}}}
{"jsonrpc": "2.0", "method": "event", "params": {"type": "sessions.changed", "session_id": "", "payload": {}}}
{"jsonrpc": "2.0", "method": "event", "params": {"type": "cron.changed", "session_id": "", "payload": {}}}
{"jsonrpc": "2.0", "method": "event", "params": {"type": "cron.changed", "session_id": "", "payload": {}}}
{"jsonrpc": "2.0", "method": "event", "params": {"type": "sessions.changed", "session_id": "", "payload": {}}}
{"jsonrpc": "2.0", "method": "event", "params": {"type": "sessions.changed", "session_id": "", "payload": {}}}
{"jsonrpc": "2.0", "method": "event", "params": {"type": "cron.changed", "session_id": "", "payload": {}}}
{"jsonrpc": "2.0", "method": "event", "params": {"type": "sessions.changed", "session_id": "", "payload": {}}}
{"jsonrpc": "2.0", "method": "event", "params": {"type": "sessions.changed", "session_id": "", "payload": {}}}
{"jsonrpc": "2.0", "method": "event", "params": {"type": "cron.changed", "session_id": "", "payload": {}}}
{"jsonrpc": "2.0", "method": "event", "params": {"type": "sessions.changed", "session_id": "", "payload": {}}}
{"jsonrpc": "2.0", "method": "event", "params": {"type": "sessions.changed", "session_id": "", "payload": {}}}
{"jsonrpc": "2.0", "method": "event", "params": {"type": "cron.changed", "session_id": "", "payload": {}}}
{"jsonrpc": "2.0", "method": "event", "params": {"type": "cron.changed", "session_id": "", "payload": {}}}
{"jsonrpc": "2.0", "method": "event", "params": {"type": "sessions.changed", "session_id": "", "payload": {}}}
{"jsonrpc": "2.0", "method": "event", "params": {"type": "sessions.changed", "session_id": "", "payload": {}}}
{"jsonrpc": "2.0", "method": "event", "params": {"type": "cron.changed", "session_id": "", "payload": {}}}
{"jsonrpc": "2.0", "method": "event", "params": {"type": "sessions.changed", "session_id": "", "payload": {}}}
{"jsonrpc": "2.0", "method": "event", "params": {"type": "sessions.changed", "session_id": "", "payload": {}}}
{"jsonrpc": "2.0", "method": "event", "params": {"type": "cron.changed", "session_id": "", "payload": {}}}
{"jsonrpc": "2.0", "method": "event", "params": {"type": "sessions.changed", "session_id": "", "payload": {}}}
{"jsonrpc": "2.0", "method": "event", "params": {"type": "sessions.changed", "session_id": "", "payload": {}}}
{"jsonrpc": "2.0", "method": "event", "params": {"type": "sessions.changed", "session_id": "", "payload": {}}}
{"jsonrpc": "2.0", "method": "event", "params": {"type": "sessions.changed", "session_id": "", "payload": {}}}
{"jsonrpc": "2.0", "method": "event", "params": {"type": "cron.changed", "session_id": "", "payload": {}}}
{"jsonrpc": "2.0", "method": "event", "params": {"type": "sessions.changed", "session_id": "", "payload": {}}}
{"jsonrpc": "2.0", "method": "event", "params": {"type": "sessions.changed", "session_id": "", "payload": {}}}
{"jsonrpc": "2.0", "method": "event", "params": {"type": "cron.changed", "session_id": "", "payload": {}}}
{"jsonrpc": "2.0", "method": "event", "params": {"type": "sessions.changed", "session_id": "", "payload": {}}}
{"jsonrpc": "2.0", "method": "event", "params": {"type": "sessions.changed", "session_id": "", "payload": {}}}
{"jsonrpc": "2.0", "method": "event", "params": {"type": "cron.changed", "session_id": "", "payload": {}}}
{"jsonrpc": "2.0", "method": "event", "params": {"type": "sessions.changed", "session_id": "", "payload": {}}}
{"jsonrpc": "2.0", "method": "event", "params": {"type": "sessions.changed", "session_id": "", "payload": {}}}
{"jsonrpc": "2.0", "method": "event", "params": {"type": "cron.changed", "session_id": "", "payload": {}}}
{"jsonrpc": "2.0", "method": "event", "params": {"type": "sessions.changed", "session_id": "", "payload": {}}}
{"jsonrpc": "2.0", "method": "event", "params": {"type": "sessions.changed", "session_id": "", "payload": {}}}
{"jsonrpc": "2.0", "method": "event", "params": {"type": "cron.changed", "session_id": "", "payload": {}}}
{"jsonrpc": "2.0", "method": "event", "params": {"type": "sessions.changed", "session_id": "", "payload": {}}}
{"jsonrpc": "2.0", "method": "event", "params": {"type": "sessions.changed", "session_id": "", "payload": {}}}
{"jsonrpc": "2.0", "method": "event", "params": {"type": "cron.changed", "session_id": "", "payload": {}}}
{"jsonrpc": "2.0", "method": "event", "params": {"type": "sessions.changed", "session_id": "", "payload": {}}}
{"jsonrpc": "2.0", "method": "event", "params": {"type": "sessions.changed", "session_id": "", "payload": {}}}
{"jsonrpc": "2.0", "method": "event", "params": {"type": "cron.changed", "session_id": "", "payload": {}}}
{"jsonrpc": "2.0", "method": "event", "params": {"type": "sessions.changed", "session_id": "", "payload": {}}}
{"jsonrpc": "2.0", "method": "event", "params": {"type": "sessions.changed", "session_id": "", "payload": {}}}
{"jsonrpc": "2.0", "method": "event", "params": {"type": "cron.changed", "session_id": "", "payload": {}}}
{"jsonrpc": "2.0", "method": "event", "params": {"type": "sessions.changed", "session_id": "", "payload": {}}}
{"jsonrpc": "2.0", "method": "event", "params": {"type": "sessions.changed", "session_id": "", "payload": {}}}
{"jsonrpc": "2.0", "method": "event", "params": {"type": "cron.changed", "session_id": "", "payload": {}}}
{"jsonrpc": "2.0", "method": "event", "params": {"type": "sessions.changed", "session_id": "", "payload": {}}}
{"jsonrpc": "2.0", "method": "event", "params": {"type": "sessions.changed", "session_id": "", "payload": {}}}
{"jsonrpc": "2.0", "method": "event", "params": {"type": "cron.changed", "session_id": "", "payload": {}}}
{"jsonrpc": "2.0", "method": "event", "params": {"type": "sessions.changed", "session_id": "", "payload": {}}}
{"jsonrpc": "2.0", "method": "event", "params": {"type": "sessions.changed", "session_id": "", "payload": {}}}
{"jsonrpc": "2.0", "method": "event", "params": {"type": "cron.changed", "session_id": "", "payload": {}}}
{"jsonrpc": "2.0", "method": "event", "params": {"type": "sessions.changed", "session_id": "", "payload": {}}}
{"jsonrpc": "2.0", "method": "event", "params": {"type": "sessions.changed", "session_id": "", "payload": {}}}
{"jsonrpc": "2.0", "method": "event", "params": {"type": "cron.changed", "session_id": "", "payload": {}}}
{"jsonrpc": "2.0", "method": "event", "params": {"type": "sessions.changed", "session_id": "", "payload": {}}}
{"jsonrpc": "2.0", "method": "event", "params": {"type": "sessions.changed", "session_id": "", "payload": {}}}
{"jsonrpc": "2.0", "method": "event", "params": {"type": "sessions.changed", "session_id": "", "payload": {}}}
{"jsonrpc": "2.0", "method": "event", "params": {"type": "sessions.changed", "session_id": "", "payload": {}}}
{"jsonrpc": "2.0", "method": "event", "params": {"type": "cron.changed", "session_id": "", "payload": {}}}
{"jsonrpc": "2.0", "method": "event", "params": {"type": "sessions.changed", "session_id": "", "payload": {}}}
{"jsonrpc": "2.0", "method": "event", "params": {"type": "sessions.changed", "session_id": "", "payload": {}}}
{"jsonrpc": "2.0", "method": "event", "params": {"type": "cron.changed", "session_id": "", "payload": {}}}
{"jsonrpc": "2.0", "method": "event", "params": {"type": "sessions.changed", "session_id": "", "payload": {}}}
{"jsonrpc": "2.0", "method": "event", "params": {"type": "sessions.changed", "session_id": "", "payload": {}}}
{"jsonrpc": "2.0", "method": "event", "params": {"type": "cron.changed", "session_id": "", "payload": {}}}
{"jsonrpc": "2.0", "method": "event", "params": {"type": "sessions.changed", "session_id": "", "payload": {}}}
{"jsonrpc": "2.0", "method": "event", "params": {"type": "sessions.changed", "session_id": "", "payload": {}}}
{"jsonrpc": "2.0", "method": "event", "params": {"type": "cron.changed", "session_id": "", "payload": {}}}
{"jsonrpc": "2.0", "method": "event", "params": {"type": "sessions.changed", "session_id": "", "payload": {}}}
{"jsonrpc": "2.0", "method": "event", "params": {"type": "sessions.changed", "session_id": "", "payload": {}}}
{"jsonrpc": "2.0", "method": "event", "params": {"type": "cron.changed", "session_id": "", "payload": {}}}
{"jsonrpc": "2.0", "method": "event", "params": {"type": "sessions.changed", "session_id": "", "payload": {}}}
{"jsonrpc": "2.0", "method": "event", "params": {"type": "sessions.changed", "session_id": "", "payload": {}}}
{"jsonrpc": "2.0", "method": "event", "params": {"type": "cron.changed", "session_id": "", "payload": {}}}
{"jsonrpc": "2.0", "method": "event", "params": {"type": "sessions.changed", "session_id": "", "payload": {}}}
{"jsonrpc": "2.0", "method": "event", "params": {"type": "sessions.changed", "session_id": "", "payload": {}}}
{"jsonrpc": "2.0", "method": "event", "params": {"type": "cron.changed", "session_id": "", "payload": {}}}
{"jsonrpc": "2.0", "method": "event", "params": {"type": "sessions.changed", "session_id": "", "payload": {}}}
{"jsonrpc": "2.0", "method": "event", "params": {"type": "sessions.changed", "session_id": "", "payload": {}}}
{"jsonrpc": "2.0", "method": "event", "params": {"type": "cron.changed", "session_id": "", "payload": {}}}
{"jsonrpc": "2.0", "method": "event", "params": {"type": "sessions.changed", "session_id": "", "payload": {}}}
{"jsonrpc": "2.0", "method": "event", "params": {"type": "sessions.changed", "session_id": "", "payload": {}}}
{"jsonrpc": "2.0", "method": "event", "params": {"type": "cron.changed", "session_id": "", "payload": {}}}
{"jsonrpc": "2.0", "method": "event", "params": {"type": "sessions.changed", "session_id": "", "payload": {}}}
{"jsonrpc": "2.0", "method": "event", "params": {"type": "sessions.changed", "session_id": "", "payload": {}}}
{"jsonrpc": "2.0", "method": "event", "params": {"type": "cron.changed", "session_id": "", "payload": {}}}
{"jsonrpc": "2.0", "method": "event", "params": {"type": "sessions.changed", "session_id": "", "payload": {}}}
{"jsonrpc": "2.0", "method": "event", "params": {"type": "sessions.changed", "session_id": "", "payload": {}}}
{"jsonrpc": "2.0", "method": "event", "params": {"type": "cron.changed", "session_id": "", "payload": {}}}
{"jsonrpc": "2.0", "method": "event", "params": {"type": "sessions.changed", "session_id": "", "payload": {}}}
{"jsonrpc": "2.0", "method": "event", "params": {"type": "sessions.changed", "session_id": "", "payload": {}}}
{"jsonrpc": "2.0", "method": "event", "params": {"type": "cron.changed", "session_id": "", "payload": {}}}
{"jsonrpc": "2.0", "method": "event", "params": {"type": "sessions.changed", "session_id": "", "payload": {}}}
{"jsonrpc": "2.0", "method": "event", "params": {"type": "sessions.changed", "session_id": "", "payload": {}}}
{"jsonrpc": "2.0", "method": "event", "params": {"type": "sessions.changed", "session_id": "", "payload": {}}}
{"jsonrpc": "2.0", "method": "event", "params": {"type": "sessions.changed", "session_id": "", "payload": {}}}
{"jsonrpc": "2.0", "method": "event", "params": {"type": "cron.changed", "session_id": "", "payload": {}}}
{"jsonrpc": "2.0", "method": "event", "params": {"type": "sessions.changed", "session_id": "", "payload": {}}}
{"jsonrpc": "2.0", "method": "event", "params": {"type": "sessions.changed", "session_id": "", "payload": {}}}
{"jsonrpc": "2.0", "method": "event", "params": {"type": "cron.changed", "session_id": "", "payload": {}}}
{"jsonrpc": "2.0", "method": "event", "params": {"type": "sessions.changed", "session_id": "", "payload": {}}}
{"jsonrpc": "2.0", "method": "event", "params": {"type": "sessions.changed", "session_id": "", "payload": {}}}
{"jsonrpc": "2.0", "method": "event", "params": {"type": "cron.changed", "session_id": "", "payload": {}}}
{"jsonrpc": "2.0", "method": "event", "params": {"type": "sessions.changed", "session_id": "", "payload": {}}}
{"jsonrpc": "2.0", "method": "event", "params": {"type": "sessions.changed", "session_id": "", "payload": {}}}
{"jsonrpc": "2.0", "method": "event", "params": {"type": "cron.changed", "session_id": "", "payload": {}}}
{"jsonrpc": "2.0", "method": "event", "params": {"type": "sessions.changed", "session_id": "", "payload": {}}}
{"jsonrpc": "2.0", "method": "event", "params": {"type": "sessions.changed", "session_id": "", "payload": {}}}
{"jsonrpc": "2.0", "method": "event", "params": {"type": "cron.changed", "session_id": "", "payload": {}}}
{"jsonrpc": "2.0", "method": "event", "params": {"type": "sessions.changed", "session_id": "", "payload": {}}}
{"jsonrpc": "2.0", "method": "event", "params": {"type": "sessions.changed", "session_id": "", "payload": {}}}
{"jsonrpc": "2.0", "method": "event", "params": {"type": "cron.changed", "session_id": "", "payload": {}}}
{"jsonrpc": "2.0", "method": "event", "params": {"type": "sessions.changed", "session_id": "", "payload": {}}}
{"jsonrpc": "2.0", "method": "event", "params": {"type": "sessions.changed", "session_id": "", "payload": {}}}
{"jsonrpc": "2.0", "method": "event", "params": {"type": "cron.changed", "session_id": "", "payload": {}}}
{"jsonrpc": "2.0", "method": "event", "params": {"type": "sessions.changed", "session_id": "", "payload": {}}}
